[Mon Oct  5 09:05:27 2026] PHP 8.2.12 Development Server (http://localhost:8000) started
[Mon Oct  5 09:05:27 2026] [::1]:55064 Accepted
[Mon Oct  5 09:05:27 2026] [::1]:55064 [200]: GET /login.php
[Mon Oct  5 09:05:27 2026] [::1]:55064 Closing
[Mon Oct  5 09:05:34 2026] [::1]:61563 Accepted
[Mon Oct  5 09:05:34 2026] [::1]:61563 [200]: GET /
[Mon Oct  5 09:05:34 2026] [::1]:61563 Closing
[Mon Oct  5 09:05:44 2026] [::1]:57873 Accepted
[Mon Oct  5 09:05:44 2026] [::1]:57873 [200]: GET /
[Mon Oct  5 09:05:44 2026] [::1]:57873 Closing
[Mon Oct  5 09:05:44 2026] [::1]:51096 Accepted
[Mon Oct  5 09:05:44 2026] [::1]:51096 [200]: GET /assets/scroll-position.js?v=1791083171
[Mon Oct  5 09:05:44 2026] [::1]:51096 Closing
[Mon Oct  5 09:05:44 2026] [::1]:52916 Accepted
[Mon Oct  5 09:05:44 2026] [::1]:52916 [200]: GET /assets/styles.css?v=1791129271
[Mon Oct  5 09:05:44 2026] [::1]:52916 Closing
[Mon Oct  5 09:05:44 2026] [::1]:60301 Accepted
[Mon Oct  5 09:05:44 2026] [::1]:58394 Accepted
[Mon Oct  5 09:05:44 2026] [::1]:60301 [200]: GET /assets/splogo.jpg
[Mon Oct  5 09:05:44 2026] [::1]:58394 [200]: GET /assets/table-pagination.js
[Mon Oct  5 09:05:44 2026] [::1]:60301 Closing
[Mon Oct  5 09:05:44 2026] [::1]:58394 Closing
[Mon Oct  5 09:05:44 2026] [::1]:62303 Accepted
[Mon Oct  5 09:05:44 2026] [::1]:62303 [200]: GET /assets/record-search-suggestions.js
[Mon Oct  5 09:05:44 2026] [::1]:52864 Accepted
[Mon Oct  5 09:05:44 2026] [::1]:52864 [200]: GET /assets/attachment-validation.js
[Mon Oct  5 09:05:44 2026] [::1]:62303 Closing
[Mon Oct  5 09:05:44 2026] [::1]:52864 Closing
[Mon Oct  5 09:05:44 2026] [::1]:65530 Accepted
[Mon Oct  5 09:05:44 2026] [::1]:65530 [200]: GET /assets/system-windows.js?v=1791129283
[Mon Oct  5 09:05:44 2026] [::1]:65530 Closing
[Mon Oct  5 09:05:44 2026] [::1]:59617 Accepted
[Mon Oct  5 09:05:44 2026] [::1]:59617 [200]: GET /assets/database-technology-background.jpg
[Mon Oct  5 09:05:44 2026] [::1]:59617 Closing
[Mon Oct  5 09:05:44 2026] [::1]:50952 Accepted
[Mon Oct  5 09:05:44 2026] [::1]:50952 [404]: GET /favicon.ico - No such file or directory
[Mon Oct  5 09:05:44 2026] [::1]:50952 Closing
[Mon Oct  5 09:06:11 2026] [::1]:49670 Accepted
[Mon Oct  5 09:06:11 2026] [::1]:62478 Accepted
[Mon Oct  5 09:06:11 2026] [::1]:62478 [200]: GET /
[Mon Oct  5 09:06:11 2026] [::1]:62478 Closing
[Mon Oct  5 09:06:11 2026] [::1]:49670 [200]: GET /assets/styles.css?v=1791129271
[Mon Oct  5 09:06:11 2026] [::1]:63063 Accepted
[Mon Oct  5 09:06:11 2026] [::1]:64443 Accepted
[Mon Oct  5 09:06:11 2026] [::1]:63063 [200]: GET /assets/scroll-position.js?v=1791083171
[Mon Oct  5 09:06:11 2026] [::1]:56687 Accepted
[Mon Oct  5 09:06:11 2026] [::1]:64443 [200]: GET /assets/splogo.jpg
[Mon Oct  5 09:06:11 2026] [::1]:56687 [200]: GET /assets/table-pagination.js
[Mon Oct  5 09:06:11 2026] [::1]:49670 Closing
[Mon Oct  5 09:06:11 2026] [::1]:63063 Closing
[Mon Oct  5 09:06:11 2026] [::1]:64443 Closing
[Mon Oct  5 09:06:11 2026] [::1]:56687 Closing
[Mon Oct  5 09:06:11 2026] [::1]:50136 Accepted
[Mon Oct  5 09:06:11 2026] [::1]:62284 Accepted
[Mon Oct  5 09:06:11 2026] [::1]:50136 [200]: GET /assets/system-windows.js?v=1791129283
[Mon Oct  5 09:06:11 2026] [::1]:58546 Accepted
[Mon Oct  5 09:06:11 2026] [::1]:62284 [200]: GET /assets/record-search-suggestions.js
[Mon Oct  5 09:06:11 2026] [::1]:58546 [200]: GET /assets/attachment-validation.js
[Mon Oct  5 09:06:11 2026] [::1]:50136 Closing
[Mon Oct  5 09:06:11 2026] [::1]:58133 Accepted
[Mon Oct  5 09:06:11 2026] [::1]:62284 Closing
[Mon Oct  5 09:06:11 2026] [::1]:58133 [200]: GET /assets/database-technology-background.jpg
[Mon Oct  5 09:06:11 2026] [::1]:58546 Closing
[Mon Oct  5 09:06:11 2026] [::1]:58133 Closing
[Mon Oct  5 09:06:11 2026] [::1]:58865 Accepted
[Mon Oct  5 09:06:11 2026] [::1]:58865 [404]: GET /favicon.ico - No such file or directory
[Mon Oct  5 09:06:11 2026] [::1]:58865 Closing
[Mon Oct  5 09:06:17 2026] [::1]:54983 Accepted
[Mon Oct  5 09:06:17 2026] [::1]:59826 Accepted
[Mon Oct  5 09:06:17 2026] [::1]:54983 [200]: GET /legislation.php
[Mon Oct  5 09:06:17 2026] [::1]:54983 Closing
[Mon Oct  5 09:06:17 2026] [::1]:52190 Accepted
[Mon Oct  5 09:06:17 2026] [::1]:59826 [200]: GET /assets/scroll-position.js?v=1791083171
[Mon Oct  5 09:06:17 2026] [::1]:52190 [200]: GET /assets/styles.css?v=1791129271
[Mon Oct  5 09:06:17 2026] [::1]:59750 Accepted
[Mon Oct  5 09:06:17 2026] [::1]:53086 Accepted
[Mon Oct  5 09:06:17 2026] [::1]:59750 [200]: GET /assets/table-pagination.js
[Mon Oct  5 09:06:17 2026] [::1]:57843 Accepted
[Mon Oct  5 09:06:17 2026] [::1]:53086 [200]: GET /assets/record-search-suggestions.js
[Mon Oct  5 09:06:17 2026] [::1]:59826 Closing
[Mon Oct  5 09:06:17 2026] [::1]:53255 Accepted
[Mon Oct  5 09:06:17 2026] [::1]:57843 [200]: GET /assets/legislation-filters.js?v=1791043197
[Mon Oct  5 09:06:17 2026] [::1]:52190 Closing
[Mon Oct  5 09:06:17 2026] [::1]:61773 Accepted
[Mon Oct  5 09:06:17 2026] [::1]:53255 [200]: GET /assets/attachment-validation.js
[Mon Oct  5 09:06:17 2026] [::1]:59750 Closing
[Mon Oct  5 09:06:17 2026] [::1]:61773 [200]: GET /assets/system-windows.js?v=1791129283
[Mon Oct  5 09:06:17 2026] [::1]:53086 Closing
[Mon Oct  5 09:06:17 2026] [::1]:57843 Closing
[Mon Oct  5 09:06:17 2026] [::1]:53255 Closing
[Mon Oct  5 09:06:17 2026] [::1]:61773 Closing
[Mon Oct  5 09:06:17 2026] [::1]:59419 Accepted
[Mon Oct  5 09:06:17 2026] [::1]:59419 [200]: GET /assets/legislation-background.png
[Mon Oct  5 09:06:17 2026] [::1]:59419 Closing
[Mon Oct  5 09:06:21 2026] [::1]:50347 Accepted
[Mon Oct  5 09:06:21 2026] [::1]:50347 [200]: GET /legislation_detail.php?id=35&popup=1
[Mon Oct  5 09:06:21 2026] [::1]:50347 Closing
[Mon Oct  5 09:06:21 2026] [::1]:53862 Accepted
[Mon Oct  5 09:06:21 2026] [::1]:65531 Accepted
[Mon Oct  5 09:06:21 2026] [::1]:63121 Accepted
[Mon Oct  5 09:06:21 2026] [::1]:53862 [200]: GET /assets/styles.css?v=1791129271
[Mon Oct  5 09:06:21 2026] [::1]:64660 Accepted
[Mon Oct  5 09:06:21 2026] [::1]:65531 [200]: GET /assets/scroll-position.js?v=1791083171
[Mon Oct  5 09:06:21 2026] [::1]:63121 [200]: GET /assets/table-pagination.js
[Mon Oct  5 09:06:21 2026] [::1]:64658 Accepted
[Mon Oct  5 09:06:21 2026] [::1]:64660 [200]: GET /assets/record-search-suggestions.js
[Mon Oct  5 09:06:21 2026] [::1]:56758 Accepted
[Mon Oct  5 09:06:21 2026] [::1]:64658 [200]: GET /assets/attachment-validation.js
[Mon Oct  5 09:06:21 2026] [::1]:56758 [200]: GET /assets/system-windows.js?v=1791129283
[Mon Oct  5 09:06:21 2026] [::1]:53862 Closing
[Mon Oct  5 09:06:21 2026] [::1]:65531 Closing
[Mon Oct  5 09:06:21 2026] [::1]:63121 Closing
[Mon Oct  5 09:06:21 2026] [::1]:64660 Closing
[Mon Oct  5 09:06:21 2026] [::1]:64658 Closing
[Mon Oct  5 09:06:21 2026] [::1]:56758 Closing
[Mon Oct  5 09:06:28 2026] [::1]:64665 Accepted
[Mon Oct  5 09:06:28 2026] [::1]:64665 [200]: GET /legislation_file.php?id=35
[Mon Oct  5 09:06:28 2026] [::1]:64665 Closing
[Mon Oct  5 09:06:28 2026] [::1]:62922 Accepted
[Mon Oct  5 09:06:28 2026] [::1]:51907 Accepted
[Mon Oct  5 09:06:51 2026] [::1]:51903 Accepted
[Mon Oct  5 09:06:51 2026] [::1]:62922 [200]: GET /
[Mon Oct  5 09:06:51 2026] [::1]:62922 Closing
[Mon Oct  5 09:06:51 2026] [::1]:54157 Accepted
[Mon Oct  5 09:06:51 2026] [::1]:54578 Accepted
[Mon Oct  5 09:06:51 2026] [::1]:51903 [200]: GET /assets/scroll-position.js?v=1791083171
[Mon Oct  5 09:06:51 2026] [::1]:54157 [200]: GET /assets/table-pagination.js
[Mon Oct  5 09:06:51 2026] [::1]:54820 Accepted
[Mon Oct  5 09:06:51 2026] [::1]:54578 [200]: GET /assets/splogo.jpg
[Mon Oct  5 09:06:51 2026] [::1]:54820 [200]: GET /assets/styles.css?v=1791129271
[Mon Oct  5 09:06:51 2026] [::1]:51903 Closing
[Mon Oct  5 09:06:51 2026] [::1]:54157 Closing
[Mon Oct  5 09:06:51 2026] [::1]:54578 Closing
[Mon Oct  5 09:06:51 2026] [::1]:54820 Closing
[Mon Oct  5 09:06:51 2026] [::1]:59035 Accepted
[Mon Oct  5 09:06:51 2026] [::1]:59035 [200]: GET /assets/record-search-suggestions.js
[Mon Oct  5 09:06:51 2026] [::1]:55630 Accepted
[Mon Oct  5 09:06:51 2026] [::1]:62174 Accepted
[Mon Oct  5 09:06:51 2026] [::1]:55630 [200]: GET /assets/attachment-validation.js
[Mon Oct  5 09:06:51 2026] [::1]:62174 [200]: GET /assets/system-windows.js?v=1791129283
[Mon Oct  5 09:06:51 2026] [::1]:59035 Closing
[Mon Oct  5 09:06:51 2026] [::1]:62424 Accepted
[Mon Oct  5 09:06:51 2026] [::1]:55630 Closing
[Mon Oct  5 09:06:51 2026] [::1]:62424 [200]: GET /assets/database-technology-background.jpg
[Mon Oct  5 09:06:51 2026] [::1]:62174 Closing
[Mon Oct  5 09:06:51 2026] [::1]:62424 Closing
[Mon Oct  5 09:06:53 2026] [::1]:54544 Accepted
[Mon Oct  5 09:06:53 2026] [::1]:57941 Accepted
[Mon Oct  5 09:06:53 2026] [::1]:54544 [200]: GET /legislation.php
[Mon Oct  5 09:06:53 2026] [::1]:54544 Closing
[Mon Oct  5 09:06:53 2026] [::1]:54836 Accepted
[Mon Oct  5 09:06:53 2026] [::1]:57941 [200]: GET /assets/scroll-position.js?v=1791083171
[Mon Oct  5 09:06:53 2026] [::1]:57546 Accepted
[Mon Oct  5 09:06:53 2026] [::1]:53675 Accepted
[Mon Oct  5 09:06:53 2026] [::1]:57684 Accepted
[Mon Oct  5 09:06:53 2026] [::1]:57941 Closing
[Mon Oct  5 09:06:53 2026] [::1]:59728 Accepted
[Mon Oct  5 09:06:53 2026] [::1]:54836 [200]: GET /assets/styles.css?v=1791129271
[Mon Oct  5 09:06:53 2026] [::1]:57546 [200]: GET /assets/legislation-filters.js?v=1791043197
[Mon Oct  5 09:06:53 2026] [::1]:53675 [200]: GET /assets/table-pagination.js
[Mon Oct  5 09:06:53 2026] [::1]:57684 [200]: GET /assets/record-search-suggestions.js
[Mon Oct  5 09:06:53 2026] [::1]:54039 Accepted
[Mon Oct  5 09:06:53 2026] [::1]:59728 [200]: GET /assets/attachment-validation.js
[Mon Oct  5 09:06:53 2026] [::1]:54039 [200]: GET /assets/system-windows.js?v=1791129283
[Mon Oct  5 09:06:53 2026] [::1]:57546 Closing
[Mon Oct  5 09:06:53 2026] [::1]:53675 Closing
[Mon Oct  5 09:06:53 2026] [::1]:57684 Closing
[Mon Oct  5 09:06:53 2026] [::1]:54836 Closing
[Mon Oct  5 09:06:53 2026] [::1]:59728 Closing
[Mon Oct  5 09:06:53 2026] [::1]:54039 Closing
[Mon Oct  5 09:06:53 2026] [::1]:58086 Accepted
[Mon Oct  5 09:06:53 2026] [::1]:58086 [200]: GET /assets/legislation-background.png
[Mon Oct  5 09:06:54 2026] [::1]:58086 Closing
[Mon Oct  5 09:06:55 2026] [::1]:62642 Accepted
[Mon Oct  5 09:06:55 2026] [::1]:62642 [200]: GET /legislation_detail.php?id=35&popup=1
[Mon Oct  5 09:06:55 2026] [::1]:62642 Closing
[Mon Oct  5 09:06:55 2026] [::1]:49927 Accepted
[Mon Oct  5 09:06:55 2026] [::1]:59078 Accepted
[Mon Oct  5 09:06:55 2026] [::1]:49927 [200]: GET /assets/scroll-position.js?v=1791083171
[Mon Oct  5 09:06:55 2026] [::1]:61354 Accepted
[Mon Oct  5 09:06:55 2026] [::1]:59078 [200]: GET /assets/styles.css?v=1791129271
[Mon Oct  5 09:06:55 2026] [::1]:62809 Accepted
[Mon Oct  5 09:06:55 2026] [::1]:61354 [200]: GET /assets/table-pagination.js
[Mon Oct  5 09:06:55 2026] [::1]:64314 Accepted
[Mon Oct  5 09:06:55 2026] [::1]:62809 [200]: GET /assets/record-search-suggestions.js
[Mon Oct  5 09:06:55 2026] [::1]:49927 Closing
[Mon Oct  5 09:06:55 2026] [::1]:56057 Accepted
[Mon Oct  5 09:06:55 2026] [::1]:64314 [200]: GET /assets/attachment-validation.js
[Mon Oct  5 09:06:55 2026] [::1]:56057 [200]: GET /assets/system-windows.js?v=1791129283
[Mon Oct  5 09:06:55 2026] [::1]:59078 Closing
[Mon Oct  5 09:06:55 2026] [::1]:61354 Closing
[Mon Oct  5 09:06:55 2026] [::1]:62809 Closing
[Mon Oct  5 09:06:55 2026] [::1]:64314 Closing
[Mon Oct  5 09:06:55 2026] [::1]:56057 Closing
[Mon Oct  5 09:07:09 2026] [::1]:59275 Accepted
[Mon Oct  5 09:07:09 2026] [::1]:59275 [200]: GET /legislation_file.php?id=35
[Mon Oct  5 09:07:09 2026] [::1]:59275 Closing
[Mon Oct  5 09:07:09 2026] [::1]:52740 Accepted
[Mon Oct  5 09:07:19 2026] [::1]:52740 [200]: GET /
[Mon Oct  5 09:07:19 2026] [::1]:52740 Closing
[Mon Oct  5 09:07:19 2026] [::1]:65361 Accepted
[Mon Oct  5 09:07:19 2026] [::1]:49154 Accepted
[Mon Oct  5 09:07:19 2026] [::1]:65361 [200]: GET /assets/scroll-position.js?v=1791083171
[Mon Oct  5 09:07:19 2026] [::1]:59126 Accepted
[Mon Oct  5 09:07:19 2026] [::1]:49154 [200]: GET /assets/splogo.jpg
[Mon Oct  5 09:07:19 2026] [::1]:55429 Accepted
[Mon Oct  5 09:07:19 2026] [::1]:59126 [200]: GET /assets/styles.css?v=1791129271
[Mon Oct  5 09:07:19 2026] [::1]:55429 [200]: GET /assets/table-pagination.js
[Mon Oct  5 09:07:19 2026] [::1]:65361 Closing
[Mon Oct  5 09:07:19 2026] [::1]:49154 Closing
[Mon Oct  5 09:07:19 2026] [::1]:57930 Accepted
[Mon Oct  5 09:07:19 2026] [::1]:61001 Accepted
[Mon Oct  5 09:07:19 2026] [::1]:59126 Closing
[Mon Oct  5 09:07:19 2026] [::1]:55429 Closing
[Mon Oct  5 09:07:19 2026] [::1]:50388 Accepted
[Mon Oct  5 09:07:19 2026] [::1]:57930 [200]: GET /assets/record-search-suggestions.js
[Mon Oct  5 09:07:19 2026] [::1]:61001 [200]: GET /assets/attachment-validation.js
[Mon Oct  5 09:07:19 2026] [::1]:50388 [200]: GET /assets/system-windows.js?v=1791129283
[Mon Oct  5 09:07:19 2026] [::1]:57930 Closing
[Mon Oct  5 09:07:19 2026] [::1]:61001 Closing
[Mon Oct  5 09:07:19 2026] [::1]:50388 Closing
[Mon Oct  5 09:07:19 2026] [::1]:64612 Accepted
[Mon Oct  5 09:07:19 2026] [::1]:64612 [200]: GET /assets/database-technology-background.jpg
[Mon Oct  5 09:07:19 2026] [::1]:64612 Closing
[Mon Oct  5 09:07:21 2026] [::1]:62106 Accepted
[Mon Oct  5 09:07:21 2026] [::1]:55633 Accepted
[Mon Oct  5 09:07:21 2026] [::1]:62106 [200]: GET /login.php
[Mon Oct  5 09:07:21 2026] [::1]:62106 Closing
[Mon Oct  5 09:07:21 2026] [::1]:60353 Accepted
[Mon Oct  5 09:07:21 2026] [::1]:59463 Accepted
[Mon Oct  5 09:07:21 2026] [::1]:58884 Accepted
[Mon Oct  5 09:07:21 2026] [::1]:58939 Accepted
[Mon Oct  5 09:07:21 2026] [::1]:55633 [200]: GET /assets/scroll-position.js?v=1791083171
[Mon Oct  5 09:07:21 2026] [::1]:64213 Accepted
[Mon Oct  5 09:07:21 2026] [::1]:60353 [200]: GET /assets/styles.css?v=1791129271
[Mon Oct  5 09:07:21 2026] [::1]:59463 [200]: GET /assets/table-pagination.js
[Mon Oct  5 09:07:21 2026] [::1]:58884 [200]: GET /assets/record-search-suggestions.js
[Mon Oct  5 09:07:21 2026] [::1]:58939 [200]: GET /assets/attachment-validation.js
[Mon Oct  5 09:07:21 2026] [::1]:64213 [200]: GET /assets/system-windows.js?v=1791129283
[Mon Oct  5 09:07:21 2026] [::1]:55633 Closing
[Mon Oct  5 09:07:21 2026] [::1]:59463 Closing
[Mon Oct  5 09:07:21 2026] [::1]:58884 Closing
[Mon Oct  5 09:07:21 2026] [::1]:58939 Closing
[Mon Oct  5 09:07:21 2026] [::1]:60353 Closing
[Mon Oct  5 09:07:21 2026] [::1]:64213 Closing
[Mon Oct  5 09:07:21 2026] [::1]:60751 Accepted
[Mon Oct  5 09:07:21 2026] [::1]:60751 [200]: GET /assets/database-technology-background.jpg
[Mon Oct  5 09:07:21 2026] [::1]:60751 Closing
[Mon Oct  5 09:07:32 2026] [::1]:51907 Closed without sending a request; it was probably just an unused speculative preconnection
[Mon Oct  5 09:07:32 2026] [::1]:51907 Closing
[Mon Oct  5 09:07:40 2026] [::1]:62767 Accepted
[Mon Oct  5 09:07:40 2026] [::1]:61542 Accepted
[Mon Oct  5 09:07:40 2026] [::1]:62767 [302]: POST /login.php
[Mon Oct  5 09:07:40 2026] [::1]:62767 Closing
[Mon Oct  5 09:07:40 2026] [::1]:61542 [200]: GET /dashboard.php
[Mon Oct  5 09:07:40 2026] [::1]:61542 Closing
[Mon Oct  5 09:07:40 2026] [::1]:57446 Accepted
[Mon Oct  5 09:07:40 2026] [::1]:58630 Accepted
[Mon Oct  5 09:07:40 2026] [::1]:57446 [200]: GET /assets/styles.css?v=1791129271
[Mon Oct  5 09:07:40 2026] [::1]:52743 Accepted
[Mon Oct  5 09:07:40 2026] [::1]:58630 [200]: GET /assets/scroll-position.js?v=1791083171
[Mon Oct  5 09:07:40 2026] [::1]:52743 [200]: GET /assets/splogo.jpg
[Mon Oct  5 09:07:40 2026] [::1]:57446 Closing
[Mon Oct  5 09:07:40 2026] [::1]:58630 Closing
[Mon Oct  5 09:07:40 2026] [::1]:52743 Closing
[Mon Oct  5 09:07:40 2026] [::1]:58360 Accepted
[Mon Oct  5 09:07:40 2026] [::1]:58360 [200]: GET /assets/table-pagination.js
[Mon Oct  5 09:07:40 2026] [::1]:58360 Closing
[Mon Oct  5 09:07:40 2026] [::1]:61519 Accepted
[Mon Oct  5 09:07:40 2026] [::1]:55384 Accepted
[Mon Oct  5 09:07:40 2026] [::1]:59228 Accepted
[Mon Oct  5 09:07:40 2026] [::1]:55384 [200]: GET /assets/attachment-validation.js
[Mon Oct  5 09:07:40 2026] [::1]:61519 [200]: GET /assets/system-windows.js?v=1791129283
[Mon Oct  5 09:07:40 2026] [::1]:59228 [200]: GET /assets/record-search-suggestions.js
[Mon Oct  5 09:07:40 2026] [::1]:55384 Closing
[Mon Oct  5 09:07:40 2026] [::1]:61519 Closing
[Mon Oct  5 09:07:40 2026] [::1]:59228 Closing
[Mon Oct  5 09:07:48 2026] [::1]:63599 Accepted
[Mon Oct  5 09:07:49 2026] [::1]:59786 Accepted
[Mon Oct  5 09:07:49 2026] [::1]:63599 [200]: GET /elibrary_form.php?record_id=152&kind=resolution
[Mon Oct  5 09:07:49 2026] [::1]:63599 Closing
[Mon Oct  5 09:07:49 2026] [::1]:55748 Accepted
[Mon Oct  5 09:07:49 2026] [::1]:59786 [200]: GET /assets/scroll-position.js?v=1791083171
[Mon Oct  5 09:07:49 2026] [::1]:62574 Accepted
[Mon Oct  5 09:07:49 2026] [::1]:55748 [200]: GET /assets/styles.css?v=1791129271
[Mon Oct  5 09:07:49 2026] [::1]:57129 Accepted
[Mon Oct  5 09:07:49 2026] [::1]:62574 [200]: GET /assets/table-pagination.js
[Mon Oct  5 09:07:49 2026] [::1]:57129 [200]: GET /assets/splogo.jpg
[Mon Oct  5 09:07:49 2026] [::1]:59786 Closing
[Mon Oct  5 09:07:49 2026] [::1]:55748 Closing
[Mon Oct  5 09:07:49 2026] [::1]:62574 Closing
[Mon Oct  5 09:07:49 2026] [::1]:57129 Closing
[Mon Oct  5 09:07:49 2026] [::1]:61045 Accepted
[Mon Oct  5 09:07:49 2026] [::1]:50597 Accepted
[Mon Oct  5 09:07:49 2026] [::1]:61045 [200]: GET /assets/system-windows.js?v=1791129283
[Mon Oct  5 09:07:49 2026] [::1]:60434 Accepted
[Mon Oct  5 09:07:49 2026] [::1]:50597 [200]: GET /assets/attachment-validation.js
[Mon Oct  5 09:07:49 2026] [::1]:60434 [200]: GET /assets/record-search-suggestions.js
[Mon Oct  5 09:07:49 2026] [::1]:61045 Closing
[Mon Oct  5 09:07:49 2026] [::1]:50597 Closing
[Mon Oct  5 09:07:49 2026] [::1]:60434 Closing
[Mon Oct  5 09:08:15 2026] [::1]:64279 Accepted
[Mon Oct  5 09:08:15 2026] [::1]:56448 Accepted
[Mon Oct  5 09:08:15 2026] [::1]:56448 [302]: POST /elibrary_form.php?record_id=152&kind=resolution
[Mon Oct  5 09:08:15 2026] [::1]:56448 Closing
[Mon Oct  5 09:08:15 2026] [::1]:64279 [200]: GET /elibrary_review.php?id=311
[Mon Oct  5 09:08:15 2026] [::1]:64279 Closing
[Mon Oct  5 09:08:15 2026] [::1]:56322 Accepted
[Mon Oct  5 09:08:15 2026] [::1]:55878 Accepted
[Mon Oct  5 09:08:15 2026] [::1]:56322 [200]: GET /assets/styles.css?v=1791129271
[Mon Oct  5 09:08:15 2026] [::1]:61318 Accepted
[Mon Oct  5 09:08:15 2026] [::1]:55878 [200]: GET /assets/scroll-position.js?v=1791083171
[Mon Oct  5 09:08:15 2026] [::1]:57166 Accepted
[Mon Oct  5 09:08:15 2026] [::1]:61318 [200]: GET /assets/splogo.jpg
[Mon Oct  5 09:08:15 2026] [::1]:57166 [200]: GET /assets/table-pagination.js
[Mon Oct  5 09:08:15 2026] [::1]:56322 Closing
[Mon Oct  5 09:08:15 2026] [::1]:55878 Closing
[Mon Oct  5 09:08:15 2026] [::1]:61318 Closing
[Mon Oct  5 09:08:15 2026] [::1]:57166 Closing
[Mon Oct  5 09:08:15 2026] [::1]:58484 Accepted
[Mon Oct  5 09:08:15 2026] [::1]:50154 Accepted
[Mon Oct  5 09:08:15 2026] [::1]:53429 Accepted
[Mon Oct  5 09:08:15 2026] [::1]:58484 [200]: GET /assets/record-search-suggestions.js
[Mon Oct  5 09:08:15 2026] [::1]:50154 [200]: GET /assets/attachment-validation.js
[Mon Oct  5 09:08:15 2026] [::1]:53429 [200]: GET /assets/system-windows.js?v=1791129283
[Mon Oct  5 09:08:15 2026] [::1]:58484 Closing
[Mon Oct  5 09:08:15 2026] [::1]:50154 Closing
[Mon Oct  5 09:08:15 2026] [::1]:53429 Closing
[Mon Oct  5 09:08:18 2026] [::1]:60860 Accepted
[Mon Oct  5 09:08:18 2026] [::1]:50664 Accepted
[Mon Oct  5 09:08:18 2026] [::1]:60860 [302]: POST /elibrary_review.php?id=311
[Mon Oct  5 09:08:18 2026] [::1]:60860 Closing
[Mon Oct  5 09:08:19 2026] [::1]:50664 [200]: GET /legislation.php?search=15823-2026
[Mon Oct  5 09:08:19 2026] [::1]:50664 Closing
[Mon Oct  5 09:08:19 2026] [::1]:59225 Accepted
[Mon Oct  5 09:08:19 2026] [::1]:57368 Accepted
[Mon Oct  5 09:08:19 2026] [::1]:58591 Accepted
[Mon Oct  5 09:08:19 2026] [::1]:59225 [200]: GET /assets/styles.css?v=1791129271
[Mon Oct  5 09:08:19 2026] [::1]:57368 [200]: GET /assets/scroll-position.js?v=1791083171
[Mon Oct  5 09:08:19 2026] [::1]:50504 Accepted
[Mon Oct  5 09:08:19 2026] [::1]:58591 [200]: GET /assets/splogo.jpg
[Mon Oct  5 09:08:19 2026] [::1]:50504 [200]: GET /assets/legislation-filters.js?v=1791043197
[Mon Oct  5 09:08:19 2026] [::1]:57368 Closing
[Mon Oct  5 09:08:19 2026] [::1]:59225 Closing
[Mon Oct  5 09:08:19 2026] [::1]:58591 Closing
[Mon Oct  5 09:08:19 2026] [::1]:50504 Closing
[Mon Oct  5 09:08:19 2026] [::1]:55493 Accepted
[Mon Oct  5 09:08:19 2026] [::1]:57879 Accepted
[Mon Oct  5 09:08:19 2026] [::1]:52609 Accepted
[Mon Oct  5 09:08:19 2026] [::1]:52344 Accepted
[Mon Oct  5 09:08:19 2026] [::1]:55493 [200]: GET /assets/table-pagination.js
[Mon Oct  5 09:08:19 2026] [::1]:57879 [200]: GET /assets/record-search-suggestions.js
[Mon Oct  5 09:08:19 2026] [::1]:52609 [200]: GET /assets/attachment-validation.js
[Mon Oct  5 09:08:19 2026] [::1]:52344 [200]: GET /assets/system-windows.js?v=1791129283
[Mon Oct  5 09:08:19 2026] [::1]:55493 Closing
[Mon Oct  5 09:08:19 2026] [::1]:57879 Closing
[Mon Oct  5 09:08:19 2026] [::1]:52609 Closing
[Mon Oct  5 09:08:19 2026] [::1]:52344 Closing
[Mon Oct  5 09:08:19 2026] [::1]:52755 Accepted
[Mon Oct  5 09:08:19 2026] [::1]:52755 [200]: GET /assets/legislation-background.png
[Mon Oct  5 09:08:19 2026] [::1]:52755 Closing
[Mon Oct  5 09:08:28 2026] [::1]:50977 Accepted
[Mon Oct  5 09:08:28 2026] [::1]:50977 [200]: GET /e-library_old.php
[Mon Oct  5 09:08:28 2026] [::1]:50977 Closing
[Mon Oct  5 09:08:28 2026] [::1]:57157 Accepted
[Mon Oct  5 09:08:28 2026] [::1]:51391 Accepted
[Mon Oct  5 09:08:28 2026] [::1]:57157 [200]: GET /assets/scroll-position.js?v=1791083171
[Mon Oct  5 09:08:28 2026] [::1]:57968 Accepted
[Mon Oct  5 09:08:28 2026] [::1]:51391 [200]: GET /assets/styles.css?v=1791129271
[Mon Oct  5 09:08:28 2026] [::1]:52059 Accepted
[Mon Oct  5 09:08:28 2026] [::1]:57968 [200]: GET /assets/splogo.jpg
[Mon Oct  5 09:08:28 2026] [::1]:52059 [200]: GET /assets/historical-legislation.js
[Mon Oct  5 09:08:28 2026] [::1]:57157 Closing
[Mon Oct  5 09:08:28 2026] [::1]:51391 Closing
[Mon Oct  5 09:08:28 2026] [::1]:57968 Closing
[Mon Oct  5 09:08:28 2026] [::1]:52059 Closing
[Mon Oct  5 09:08:28 2026] [::1]:52817 Accepted
[Mon Oct  5 09:08:28 2026] [::1]:57803 Accepted
[Mon Oct  5 09:08:28 2026] [::1]:52506 Accepted
[Mon Oct  5 09:08:28 2026] [::1]:52817 [200]: GET /assets/table-pagination.js
[Mon Oct  5 09:08:28 2026] [::1]:57803 [200]: GET /assets/record-search-suggestions.js
[Mon Oct  5 09:08:28 2026] [::1]:52506 [200]: GET /assets/attachment-validation.js
[Mon Oct  5 09:08:28 2026] [::1]:52817 Closing
[Mon Oct  5 09:08:28 2026] [::1]:53324 Accepted
[Mon Oct  5 09:08:28 2026] [::1]:57803 Closing
[Mon Oct  5 09:08:28 2026] [::1]:52506 Closing
[Mon Oct  5 09:08:28 2026] [::1]:53324 [200]: GET /assets/system-windows.js?v=1791129283
[Mon Oct  5 09:08:28 2026] [::1]:53324 Closing
[Mon Oct  5 09:08:38 2026] [::1]:52245 Accepted
[Mon Oct  5 09:08:38 2026] [::1]:52071 Accepted
[Mon Oct  5 09:08:38 2026] [::1]:52245 [200]: GET /e-library_old.php?edit=290
[Mon Oct  5 09:08:38 2026] [::1]:52245 Closing
[Mon Oct  5 09:08:38 2026] [::1]:51168 Accepted
[Mon Oct  5 09:08:38 2026] [::1]:52071 [200]: GET /assets/scroll-position.js?v=1791083171
[Mon Oct  5 09:08:38 2026] [::1]:59542 Accepted
[Mon Oct  5 09:08:38 2026] [::1]:51168 [200]: GET /assets/styles.css?v=1791129271
[Mon Oct  5 09:08:38 2026] [::1]:59162 Accepted
[Mon Oct  5 09:08:38 2026] [::1]:59542 [200]: GET /assets/splogo.jpg
[Mon Oct  5 09:08:38 2026] [::1]:59162 [200]: GET /assets/historical-legislation.js
[Mon Oct  5 09:08:38 2026] [::1]:52071 Closing
[Mon Oct  5 09:08:38 2026] [::1]:51168 Closing
[Mon Oct  5 09:08:38 2026] [::1]:59542 Closing
[Mon Oct  5 09:08:38 2026] [::1]:59162 Closing
[Mon Oct  5 09:08:38 2026] [::1]:51910 Accepted
[Mon Oct  5 09:08:38 2026] [::1]:60131 Accepted
[Mon Oct  5 09:08:38 2026] [::1]:53547 Accepted
[Mon Oct  5 09:08:38 2026] [::1]:51910 [200]: GET /assets/table-pagination.js
[Mon Oct  5 09:08:38 2026] [::1]:60131 [200]: GET /assets/record-search-suggestions.js
[Mon Oct  5 09:08:38 2026] [::1]:53547 [200]: GET /assets/attachment-validation.js
[Mon Oct  5 09:08:38 2026] [::1]:51910 Closing
[Mon Oct  5 09:08:38 2026] [::1]:60131 Closing
[Mon Oct  5 09:08:38 2026] [::1]:53547 Closing
[Mon Oct  5 09:08:38 2026] [::1]:58846 Accepted
[Mon Oct  5 09:08:38 2026] [::1]:58846 [200]: GET /assets/system-windows.js?v=1791129283
[Mon Oct  5 09:08:38 2026] [::1]:58846 Closing
[Mon Oct  5 09:09:23 2026] [::1]:61301 Accepted
[Mon Oct  5 09:09:23 2026] [::1]:49695 Accepted
[Mon Oct  5 09:09:23 2026] [::1]:61301 [200]: GET /elibrary_review.php?id=284
[Mon Oct  5 09:09:23 2026] [::1]:61301 Closing
[Mon Oct  5 09:09:23 2026] [::1]:53923 Accepted
[Mon Oct  5 09:09:23 2026] [::1]:49320 Accepted
[Mon Oct  5 09:09:23 2026] [::1]:49695 [200]: GET /assets/scroll-position.js?v=1791083171
[Mon Oct  5 09:09:23 2026] [::1]:60631 Accepted
[Mon Oct  5 09:09:23 2026] [::1]:53923 [200]: GET /assets/styles.css?v=1791129271
[Mon Oct  5 09:09:23 2026] [::1]:49320 [200]: GET /assets/splogo.jpg
[Mon Oct  5 09:09:23 2026] [::1]:60631 [200]: GET /assets/table-pagination.js
[Mon Oct  5 09:09:23 2026] [::1]:49695 Closing
[Mon Oct  5 09:09:23 2026] [::1]:49320 Closing
[Mon Oct  5 09:09:23 2026] [::1]:53923 Closing
[Mon Oct  5 09:09:23 2026] [::1]:60631 Closing
[Mon Oct  5 09:09:23 2026] [::1]:52967 Accepted
[Mon Oct  5 09:09:23 2026] [::1]:53408 Accepted
[Mon Oct  5 09:09:23 2026] [::1]:53179 Accepted
[Mon Oct  5 09:09:23 2026] [::1]:52967 [200]: GET /assets/record-search-suggestions.js
[Mon Oct  5 09:09:23 2026] [::1]:53408 [200]: GET /assets/attachment-validation.js
[Mon Oct  5 09:09:23 2026] [::1]:53179 [200]: GET /assets/system-windows.js?v=1791129283
[Mon Oct  5 09:09:23 2026] [::1]:52967 Closing
[Mon Oct  5 09:09:23 2026] [::1]:53408 Closing
[Mon Oct  5 09:09:23 2026] [::1]:53179 Closing
[Mon Oct  5 09:09:44 2026] [::1]:55585 Accepted
[Mon Oct  5 09:09:44 2026] [::1]:62629 Accepted
[Mon Oct  5 09:09:44 2026] [::1]:55585 [200]: GET /dashboard.php
[Mon Oct  5 09:09:44 2026] [::1]:55585 Closing
[Mon Oct  5 09:09:44 2026] [::1]:54237 Accepted
[Mon Oct  5 09:09:44 2026] [::1]:62629 [200]: GET /assets/scroll-position.js?v=1791083171
[Mon Oct  5 09:09:44 2026] [::1]:54888 Accepted
[Mon Oct  5 09:09:44 2026] [::1]:54237 [200]: GET /assets/styles.css?v=1791129271
[Mon Oct  5 09:09:44 2026] [::1]:54032 Accepted
[Mon Oct  5 09:09:44 2026] [::1]:54888 [200]: GET /assets/splogo.jpg
[Mon Oct  5 09:09:44 2026] [::1]:54032 [200]: GET /assets/table-pagination.js
[Mon Oct  5 09:09:44 2026] [::1]:62629 Closing
[Mon Oct  5 09:09:45 2026] [::1]:54237 Closing
[Mon Oct  5 09:09:45 2026] [::1]:54888 Closing
[Mon Oct  5 09:09:45 2026] [::1]:55218 Accepted
[Mon Oct  5 09:09:45 2026] [::1]:54032 Closing
[Mon Oct  5 09:09:45 2026] [::1]:56558 Accepted
[Mon Oct  5 09:09:45 2026] [::1]:51310 Accepted
[Mon Oct  5 09:09:45 2026] [::1]:55218 [200]: GET /assets/record-search-suggestions.js
[Mon Oct  5 09:09:45 2026] [::1]:56558 [200]: GET /assets/attachment-validation.js
[Mon Oct  5 09:09:45 2026] [::1]:51310 [200]: GET /assets/system-windows.js?v=1791129283
[Mon Oct  5 09:09:45 2026] [::1]:55218 Closing
[Mon Oct  5 09:09:45 2026] [::1]:56558 Closing
[Mon Oct  5 09:09:45 2026] [::1]:51310 Closing
[Mon Oct  5 09:09:51 2026] [::1]:62216 Accepted
[Mon Oct  5 09:09:52 2026] [::1]:58332 Accepted
[Mon Oct  5 09:09:52 2026] [::1]:62216 [200]: GET /legislation.php
[Mon Oct  5 09:09:52 2026] [::1]:62216 Closing
[Mon Oct  5 09:09:52 2026] [::1]:49687 Accepted
[Mon Oct  5 09:09:52 2026] [::1]:50937 Accepted
[Mon Oct  5 09:09:52 2026] [::1]:60527 Accepted
[Mon Oct  5 09:09:52 2026] [::1]:58332 [200]: GET /assets/scroll-position.js?v=1791083171
[Mon Oct  5 09:09:52 2026] [::1]:49687 [200]: GET /assets/styles.css?v=1791129271
[Mon Oct  5 09:09:52 2026] [::1]:50937 [200]: GET /assets/splogo.jpg
[Mon Oct  5 09:09:52 2026] [::1]:60527 [200]: GET /assets/legislation-filters.js?v=1791043197
[Mon Oct  5 09:09:52 2026] [::1]:58332 Closing
[Mon Oct  5 09:09:52 2026] [::1]:50937 Closing
[Mon Oct  5 09:09:52 2026] [::1]:49687 Closing
[Mon Oct  5 09:09:52 2026] [::1]:60527 Closing
[Mon Oct  5 09:09:52 2026] [::1]:63774 Accepted
[Mon Oct  5 09:09:52 2026] [::1]:56580 Accepted
[Mon Oct  5 09:09:52 2026] [::1]:63774 [200]: GET /assets/record-search-suggestions.js
[Mon Oct  5 09:09:52 2026] [::1]:57996 Accepted
[Mon Oct  5 09:09:52 2026] [::1]:56580 [200]: GET /assets/legislation-background.png
[Mon Oct  5 09:09:52 2026] [::1]:55798 Accepted
[Mon Oct  5 09:09:52 2026] [::1]:57996 [200]: GET /assets/table-pagination.js
[Mon Oct  5 09:09:52 2026] [::1]:63991 Accepted
[Mon Oct  5 09:09:52 2026] [::1]:55798 [200]: GET /assets/attachment-validation.js
[Mon Oct  5 09:09:52 2026] [::1]:63774 Closing
[Mon Oct  5 09:09:52 2026] [::1]:63991 [200]: GET /assets/system-windows.js?v=1791129283
[Mon Oct  5 09:09:52 2026] [::1]:57996 Closing
[Mon Oct  5 09:09:52 2026] [::1]:55798 Closing
[Mon Oct  5 09:09:52 2026] [::1]:63991 Closing
[Mon Oct  5 09:09:52 2026] [::1]:56580 Closing
[Mon Oct  5 09:10:33 2026] [::1]:57642 Accepted
[Mon Oct  5 09:10:33 2026] [::1]:61500 Accepted
[Mon Oct  5 09:10:33 2026] [::1]:57642 [200]: GET /
[Mon Oct  5 09:10:33 2026] [::1]:57642 Closing
[Mon Oct  5 09:10:33 2026] [::1]:58208 Accepted
[Mon Oct  5 09:10:33 2026] [::1]:61177 Accepted
[Mon Oct  5 09:10:33 2026] [::1]:61500 [200]: GET /assets/scroll-position.js?v=1791083171
[Mon Oct  5 09:10:33 2026] [::1]:58582 Accepted
[Mon Oct  5 09:10:33 2026] [::1]:58208 [200]: GET /assets/table-pagination.js
[Mon Oct  5 09:10:33 2026] [::1]:61177 [200]: GET /assets/splogo.jpg
[Mon Oct  5 09:10:33 2026] [::1]:58582 [200]: GET /assets/styles.css?v=1791129271
[Mon Oct  5 09:10:33 2026] [::1]:61500 Closing
[Mon Oct  5 09:10:33 2026] [::1]:58208 Closing
[Mon Oct  5 09:10:33 2026] [::1]:61177 Closing
[Mon Oct  5 09:10:33 2026] [::1]:58582 Closing
[Mon Oct  5 09:10:33 2026] [::1]:60573 Accepted
[Mon Oct  5 09:10:33 2026] [::1]:52105 Accepted
[Mon Oct  5 09:10:33 2026] [::1]:54465 Accepted
[Mon Oct  5 09:10:33 2026] [::1]:60573 [200]: GET /assets/record-search-suggestions.js
[Mon Oct  5 09:10:33 2026] [::1]:52105 [200]: GET /assets/attachment-validation.js
[Mon Oct  5 09:10:33 2026] [::1]:54465 [200]: GET /assets/system-windows.js?v=1791129283
[Mon Oct  5 09:10:33 2026] [::1]:60573 Closing
[Mon Oct  5 09:10:33 2026] [::1]:52105 Closing
[Mon Oct  5 09:10:33 2026] [::1]:54465 Closing
[Mon Oct  5 09:10:33 2026] [::1]:55297 Accepted
[Mon Oct  5 09:10:33 2026] [::1]:55297 [200]: GET /assets/database-technology-background.jpg
[Mon Oct  5 09:10:33 2026] [::1]:55297 Closing
[Mon Oct  5 09:10:41 2026] [::1]:65266 Accepted
[Mon Oct  5 09:10:41 2026] [::1]:50810 Accepted
[Mon Oct  5 09:10:41 2026] [::1]:65266 [302]: GET /login.php
[Mon Oct  5 09:10:41 2026] [::1]:65266 Closing
[Mon Oct  5 09:10:41 2026] [::1]:50810 [200]: GET /dashboard.php
[Mon Oct  5 09:10:41 2026] [::1]:50810 Closing
[Mon Oct  5 09:10:41 2026] [::1]:56476 Accepted
[Mon Oct  5 09:10:41 2026] [::1]:50446 Accepted
[Mon Oct  5 09:10:41 2026] [::1]:56476 [200]: GET /assets/styles.css?v=1791129271
[Mon Oct  5 09:10:41 2026] [::1]:56261 Accepted
[Mon Oct  5 09:10:41 2026] [::1]:50446 [200]: GET /assets/scroll-position.js?v=1791083171
[Mon Oct  5 09:10:41 2026] [::1]:58095 Accepted
[Mon Oct  5 09:10:41 2026] [::1]:56261 [200]: GET /assets/splogo.jpg
[Mon Oct  5 09:10:41 2026] [::1]:58095 [200]: GET /assets/table-pagination.js
[Mon Oct  5 09:10:41 2026] [::1]:56476 Closing
[Mon Oct  5 09:10:41 2026] [::1]:50446 Closing
[Mon Oct  5 09:10:41 2026] [::1]:56261 Closing
[Mon Oct  5 09:10:41 2026] [::1]:58095 Closing
[Mon Oct  5 09:10:41 2026] [::1]:55174 Accepted
[Mon Oct  5 09:10:41 2026] [::1]:64484 Accepted
[Mon Oct  5 09:10:41 2026] [::1]:55174 [200]: GET /assets/system-windows.js?v=1791129283
[Mon Oct  5 09:10:41 2026] [::1]:55894 Accepted
[Mon Oct  5 09:10:41 2026] [::1]:64484 [200]: GET /assets/attachment-validation.js
[Mon Oct  5 09:10:41 2026] [::1]:55894 [200]: GET /assets/record-search-suggestions.js
[Mon Oct  5 09:10:41 2026] [::1]:55174 Closing
[Mon Oct  5 09:10:41 2026] [::1]:64484 Closing
[Mon Oct  5 09:10:41 2026] [::1]:55894 Closing
[Mon Oct  5 09:11:05 2026] [::1]:49738 Accepted
[Mon Oct  5 09:11:05 2026] [::1]:56207 Accepted
[Mon Oct  5 09:11:05 2026] [::1]:49738 [200]: GET /elibrary.php
[Mon Oct  5 09:11:05 2026] [::1]:49738 Closing
[Mon Oct  5 09:11:05 2026] [::1]:59520 Accepted
[Mon Oct  5 09:11:05 2026] [::1]:56207 [200]: GET /assets/scroll-position.js?v=1791083171
[Mon Oct  5 09:11:05 2026] [::1]:53977 Accepted
[Mon Oct  5 09:11:05 2026] [::1]:59520 [200]: GET /assets/splogo.jpg
[Mon Oct  5 09:11:05 2026] [::1]:60609 Accepted
[Mon Oct  5 09:11:05 2026] [::1]:53977 [200]: GET /assets/styles.css?v=1791129271
[Mon Oct  5 09:11:05 2026] [::1]:60609 [200]: GET /assets/table-pagination.js
[Mon Oct  5 09:11:05 2026] [::1]:56207 Closing
[Mon Oct  5 09:11:05 2026] [::1]:59520 Closing
[Mon Oct  5 09:11:05 2026] [::1]:53977 Closing
[Mon Oct  5 09:11:05 2026] [::1]:60609 Closing
[Mon Oct  5 09:11:05 2026] [::1]:54486 Accepted
[Mon Oct  5 09:11:05 2026] [::1]:54475 Accepted
[Mon Oct  5 09:11:05 2026] [::1]:62888 Accepted
[Mon Oct  5 09:11:05 2026] [::1]:54486 [200]: GET /assets/record-search-suggestions.js
[Mon Oct  5 09:11:05 2026] [::1]:54475 [200]: GET /assets/attachment-validation.js
[Mon Oct  5 09:11:05 2026] [::1]:62888 [200]: GET /assets/system-windows.js?v=1791129283
[Mon Oct  5 09:11:05 2026] [::1]:54486 Closing
[Mon Oct  5 09:11:05 2026] [::1]:54475 Closing
[Mon Oct  5 09:11:05 2026] [::1]:62888 Closing
[Mon Oct  5 09:11:07 2026] [::1]:63628 Accepted
[Mon Oct  5 09:11:07 2026] [::1]:63628 [302]: GET /records.php
[Mon Oct  5 09:11:07 2026] [::1]:63628 Closing
[Mon Oct  5 09:11:07 2026] [::1]:58226 Accepted
[Mon Oct  5 09:11:07 2026] [::1]:58226 [200]: GET /elibrary.php
[Mon Oct  5 09:11:07 2026] [::1]:58226 Closing
[Mon Oct  5 09:11:07 2026] [::1]:53445 Accepted
[Mon Oct  5 09:11:07 2026] [::1]:56670 Accepted
[Mon Oct  5 09:11:07 2026] [::1]:53445 [200]: GET /assets/styles.css?v=1791129271
[Mon Oct  5 09:11:07 2026] [::1]:53932 Accepted
[Mon Oct  5 09:11:07 2026] [::1]:56670 [200]: GET /assets/scroll-position.js?v=1791083171
[Mon Oct  5 09:11:07 2026] [::1]:59956 Accepted
[Mon Oct  5 09:11:07 2026] [::1]:53932 [200]: GET /assets/table-pagination.js
[Mon Oct  5 09:11:07 2026] [::1]:59956 [200]: GET /assets/splogo.jpg
[Mon Oct  5 09:11:07 2026] [::1]:53445 Closing
[Mon Oct  5 09:11:07 2026] [::1]:56670 Closing
[Mon Oct  5 09:11:07 2026] [::1]:53932 Closing
[Mon Oct  5 09:11:07 2026] [::1]:59956 Closing
[Mon Oct  5 09:11:07 2026] [::1]:50658 Accepted
[Mon Oct  5 09:11:07 2026] [::1]:64101 Accepted
[Mon Oct  5 09:11:07 2026] [::1]:50658 [200]: GET /assets/record-search-suggestions.js
[Mon Oct  5 09:11:07 2026] [::1]:51545 Accepted
[Mon Oct  5 09:11:07 2026] [::1]:64101 [200]: GET /assets/attachment-validation.js
[Mon Oct  5 09:11:07 2026] [::1]:51545 [200]: GET /assets/system-windows.js?v=1791129283
[Mon Oct  5 09:11:07 2026] [::1]:50658 Closing
[Mon Oct  5 09:11:07 2026] [::1]:64101 Closing
[Mon Oct  5 09:11:07 2026] [::1]:51545 Closing
[Mon Oct  5 09:11:08 2026] [::1]:63354 Accepted
[Mon Oct  5 09:11:08 2026] [::1]:51262 Accepted
[Mon Oct  5 09:11:08 2026] [::1]:63354 [200]: GET /e-library_old.php
[Mon Oct  5 09:11:08 2026] [::1]:63354 Closing
[Mon Oct  5 09:11:08 2026] [::1]:60436 Accepted
[Mon Oct  5 09:11:08 2026] [::1]:51262 [200]: GET /assets/scroll-position.js?v=1791083171
[Mon Oct  5 09:11:08 2026] [::1]:62212 Accepted
[Mon Oct  5 09:11:08 2026] [::1]:60436 [200]: GET /assets/styles.css?v=1791129271
[Mon Oct  5 09:11:08 2026] [::1]:62212 [200]: GET /assets/splogo.jpg
[Mon Oct  5 09:11:08 2026] [::1]:51262 Closing
[Mon Oct  5 09:11:08 2026] [::1]:60436 Closing
[Mon Oct  5 09:11:08 2026] [::1]:62212 Closing
[Mon Oct  5 09:11:08 2026] [::1]:62332 Accepted
[Mon Oct  5 09:11:08 2026] [::1]:62332 [200]: GET /assets/historical-legislation.js
[Mon Oct  5 09:11:08 2026] [::1]:62332 Closing
[Mon Oct  5 09:11:08 2026] [::1]:50530 Accepted
[Mon Oct  5 09:11:08 2026] [::1]:50530 [200]: GET /assets/table-pagination.js
[Mon Oct  5 09:11:08 2026] [::1]:50530 Closing
[Mon Oct  5 09:11:08 2026] [::1]:60097 Accepted
[Mon Oct  5 09:11:08 2026] [::1]:60097 [200]: GET /assets/record-search-suggestions.js
[Mon Oct  5 09:11:08 2026] [::1]:60097 Closing
[Mon Oct  5 09:11:08 2026] [::1]:55536 Accepted
[Mon Oct  5 09:11:08 2026] [::1]:55536 [200]: GET /assets/attachment-validation.js
[Mon Oct  5 09:11:08 2026] [::1]:55536 Closing
[Mon Oct  5 09:11:08 2026] [::1]:60718 Accepted
[Mon Oct  5 09:11:08 2026] [::1]:60718 [200]: GET /assets/system-windows.js?v=1791129283
[Mon Oct  5 09:11:08 2026] [::1]:60718 Closing
[Mon Oct  5 09:11:10 2026] [::1]:51780 Accepted
[Mon Oct  5 09:11:10 2026] [::1]:62784 Accepted
[Mon Oct  5 09:11:10 2026] [::1]:51780 [200]: GET /legislation.php
[Mon Oct  5 09:11:10 2026] [::1]:51780 Closing
[Mon Oct  5 09:11:10 2026] [::1]:57186 Accepted
[Mon Oct  5 09:11:10 2026] [::1]:57094 Accepted
[Mon Oct  5 09:11:10 2026] [::1]:62784 [200]: GET /assets/scroll-position.js?v=1791083171
[Mon Oct  5 09:11:10 2026] [::1]:57186 [200]: GET /assets/splogo.jpg
[Mon Oct  5 09:11:10 2026] [::1]:55909 Accepted
[Mon Oct  5 09:11:10 2026] [::1]:57094 [200]: GET /assets/styles.css?v=1791129271
[Mon Oct  5 09:11:10 2026] [::1]:55909 [200]: GET /assets/legislation-filters.js?v=1791043197
[Mon Oct  5 09:11:10 2026] [::1]:62784 Closing
[Mon Oct  5 09:11:10 2026] [::1]:57186 Closing
[Mon Oct  5 09:11:10 2026] [::1]:57094 Closing
[Mon Oct  5 09:11:10 2026] [::1]:55909 Closing
[Mon Oct  5 09:11:10 2026] [::1]:52074 Accepted
[Mon Oct  5 09:11:10 2026] [::1]:52074 [200]: GET /assets/table-pagination.js
[Mon Oct  5 09:11:10 2026] [::1]:52074 Closing
[Mon Oct  5 09:11:10 2026] [::1]:50473 Accepted
[Mon Oct  5 09:11:10 2026] [::1]:63512 Accepted
[Mon Oct  5 09:11:10 2026] [::1]:57477 Accepted
[Mon Oct  5 09:11:10 2026] [::1]:58043 Accepted
[Mon Oct  5 09:11:10 2026] [::1]:57477 [200]: GET /assets/attachment-validation.js
[Mon Oct  5 09:11:10 2026] [::1]:58043 [200]: GET /assets/record-search-suggestions.js
[Mon Oct  5 09:11:10 2026] [::1]:50473 [200]: GET /assets/legislation-background.png
[Mon Oct  5 09:11:10 2026] [::1]:63512 [200]: GET /assets/system-windows.js?v=1791129283
[Mon Oct  5 09:11:10 2026] [::1]:57477 Closing
[Mon Oct  5 09:11:10 2026] [::1]:58043 Closing
[Mon Oct  5 09:11:10 2026] [::1]:63512 Closing
[Mon Oct  5 09:11:10 2026] [::1]:50473 Closing
[Mon Oct  5 09:11:40 2026] [::1]:64624 Accepted
[Mon Oct  5 09:11:40 2026] [::1]:50240 Accepted
[Mon Oct  5 09:11:40 2026] [::1]:50240 [200]: GET /legislation.php?search=resolution&term_id=0&kind=&author=&co_author=&category=
[Mon Oct  5 09:11:40 2026] [::1]:50240 Closing
[Mon Oct  5 09:11:40 2026] [::1]:61110 Accepted
[Mon Oct  5 09:11:40 2026] [::1]:50524 Accepted
[Mon Oct  5 09:11:40 2026] [::1]:64624 [200]: GET /assets/scroll-position.js?v=1791083171
[Mon Oct  5 09:11:40 2026] [::1]:61110 [200]: GET /assets/styles.css?v=1791129271
[Mon Oct  5 09:11:40 2026] [::1]:59841 Accepted
[Mon Oct  5 09:11:40 2026] [::1]:50524 [200]: GET /assets/splogo.jpg
[Mon Oct  5 09:11:40 2026] [::1]:59841 [200]: GET /assets/legislation-filters.js?v=1791043197
[Mon Oct  5 09:11:40 2026] [::1]:64624 Closing
[Mon Oct  5 09:11:40 2026] [::1]:61110 Closing
[Mon Oct  5 09:11:40 2026] [::1]:50524 Closing
[Mon Oct  5 09:11:40 2026] [::1]:59841 Closing
[Mon Oct  5 09:11:40 2026] [::1]:56448 Accepted
[Mon Oct  5 09:11:40 2026] [::1]:49670 Accepted
[Mon Oct  5 09:11:40 2026] [::1]:64830 Accepted
[Mon Oct  5 09:11:40 2026] [::1]:51212 Accepted
[Mon Oct  5 09:11:40 2026] [::1]:49670 [200]: GET /assets/attachment-validation.js
[Mon Oct  5 09:11:40 2026] [::1]:64830 [200]: GET /assets/record-search-suggestions.js
[Mon Oct  5 09:11:40 2026] [::1]:50834 Accepted
[Mon Oct  5 09:11:40 2026] [::1]:56448 [200]: GET /assets/system-windows.js?v=1791129283
[Mon Oct  5 09:11:40 2026] [::1]:51212 [200]: GET /assets/table-pagination.js
[Mon Oct  5 09:11:40 2026] [::1]:50834 [200]: GET /assets/legislation-background.png
[Mon Oct  5 09:11:40 2026] [::1]:49670 Closing
[Mon Oct  5 09:11:40 2026] [::1]:64830 Closing
[Mon Oct  5 09:11:40 2026] [::1]:56448 Closing
[Mon Oct  5 09:11:40 2026] [::1]:51212 Closing
[Mon Oct  5 09:11:40 2026] [::1]:50834 Closing
[Mon Oct  5 09:11:46 2026] [::1]:59012 Accepted
[Mon Oct  5 09:11:46 2026] [::1]:52495 Accepted
[Mon Oct  5 09:11:46 2026] [::1]:52495 [200]: GET /legislation.php?search=resolution&term_id=0&kind=&author=&co_author=&category=&download=pdf
[Mon Oct  5 09:11:46 2026] [::1]:52495 Closing
[Mon Oct  5 09:13:44 2026] [::1]:59012 Closed without sending a request; it was probably just an unused speculative preconnection
[Mon Oct  5 09:13:44 2026] [::1]:59012 Closing
[Mon Oct  5 09:14:48 2026] [::1]:60516 Accepted
[Mon Oct  5 09:14:48 2026] [::1]:59181 Accepted
[Mon Oct  5 09:14:49 2026] [::1]:60516 [200]: GET /e-library_old.php
[Mon Oct  5 09:14:49 2026] [::1]:60516 Closing
[Mon Oct  5 09:14:49 2026] [::1]:49670 Accepted
[Mon Oct  5 09:14:49 2026] [::1]:59181 [200]: GET /assets/scroll-position.js?v=1791083171
[Mon Oct  5 09:14:49 2026] [::1]:54685 Accepted
[Mon Oct  5 09:14:49 2026] [::1]:49670 [200]: GET /assets/styles.css?v=1791129271
[Mon Oct  5 09:14:49 2026] [::1]:65230 Accepted
[Mon Oct  5 09:14:49 2026] [::1]:54685 [200]: GET /assets/splogo.jpg
[Mon Oct  5 09:14:49 2026] [::1]:65230 [200]: GET /assets/historical-legislation.js
[Mon Oct  5 09:14:49 2026] [::1]:59181 Closing
[Mon Oct  5 09:14:49 2026] [::1]:49670 Closing
[Mon Oct  5 09:14:49 2026] [::1]:54685 Closing
[Mon Oct  5 09:14:49 2026] [::1]:57310 Accepted
[Mon Oct  5 09:14:49 2026] [::1]:65230 Closing
[Mon Oct  5 09:14:49 2026] [::1]:60016 Accepted
[Mon Oct  5 09:14:49 2026] [::1]:57310 [200]: GET /assets/record-search-suggestions.js
[Mon Oct  5 09:14:49 2026] [::1]:64940 Accepted
[Mon Oct  5 09:14:49 2026] [::1]:60016 [200]: GET /assets/table-pagination.js
[Mon Oct  5 09:14:49 2026] [::1]:54384 Accepted
[Mon Oct  5 09:14:49 2026] [::1]:64940 [200]: GET /assets/attachment-validation.js
[Mon Oct  5 09:14:49 2026] [::1]:54384 [200]: GET /assets/system-windows.js?v=1791129283
[Mon Oct  5 09:14:49 2026] [::1]:57310 Closing
[Mon Oct  5 09:14:49 2026] [::1]:60016 Closing
[Mon Oct  5 09:14:49 2026] [::1]:64940 Closing
[Mon Oct  5 09:14:49 2026] [::1]:54384 Closing
[Mon Oct  5 09:15:00 2026] [::1]:49404 Accepted
[Mon Oct  5 09:15:01 2026] [::1]:52551 Accepted
[Mon Oct  5 09:15:01 2026] [::1]:49404 [200]: GET /e-library_old.php?edit=289
[Mon Oct  5 09:15:01 2026] [::1]:49404 Closing
[Mon Oct  5 09:15:01 2026] [::1]:63543 Accepted
[Mon Oct  5 09:15:01 2026] [::1]:52551 [200]: GET /assets/scroll-position.js?v=1791083171
[Mon Oct  5 09:15:01 2026] [::1]:62080 Accepted
[Mon Oct  5 09:15:01 2026] [::1]:63543 [200]: GET /assets/styles.css?v=1791129271
[Mon Oct  5 09:15:01 2026] [::1]:57163 Accepted
[Mon Oct  5 09:15:01 2026] [::1]:62080 [200]: GET /assets/splogo.jpg
[Mon Oct  5 09:15:01 2026] [::1]:57163 [200]: GET /assets/historical-legislation.js
[Mon Oct  5 09:15:01 2026] [::1]:52551 Closing
[Mon Oct  5 09:15:01 2026] [::1]:63543 Closing
[Mon Oct  5 09:15:01 2026] [::1]:62080 Closing
[Mon Oct  5 09:15:01 2026] [::1]:57163 Closing
[Mon Oct  5 09:15:01 2026] [::1]:55051 Accepted
[Mon Oct  5 09:15:01 2026] [::1]:51334 Accepted
[Mon Oct  5 09:15:01 2026] [::1]:57268 Accepted
[Mon Oct  5 09:15:01 2026] [::1]:55051 [200]: GET /assets/table-pagination.js
[Mon Oct  5 09:15:01 2026] [::1]:51334 [200]: GET /assets/record-search-suggestions.js
[Mon Oct  5 09:15:01 2026] [::1]:57268 [200]: GET /assets/attachment-validation.js
[Mon Oct  5 09:15:01 2026] [::1]:55051 Closing
[Mon Oct  5 09:15:01 2026] [::1]:51334 Closing
[Mon Oct  5 09:15:01 2026] [::1]:57268 Closing
[Mon Oct  5 09:15:01 2026] [::1]:61498 Accepted
[Mon Oct  5 09:15:01 2026] [::1]:61498 [200]: GET /assets/system-windows.js?v=1791129283
[Mon Oct  5 09:15:01 2026] [::1]:61498 Closing
[Mon Oct  5 09:15:22 2026] [::1]:49854 Accepted
[Mon Oct  5 09:15:22 2026] [::1]:54237 Accepted
[Mon Oct  5 09:15:22 2026] [::1]:49854 [200]: GET /elibrary.php
[Mon Oct  5 09:15:22 2026] [::1]:49854 Closing
[Mon Oct  5 09:15:22 2026] [::1]:54280 Accepted
[Mon Oct  5 09:15:22 2026] [::1]:54237 [200]: GET /assets/scroll-position.js?v=1791083171
[Mon Oct  5 09:15:22 2026] [::1]:64135 Accepted
[Mon Oct  5 09:15:22 2026] [::1]:54280 [200]: GET /assets/styles.css?v=1791129271
[Mon Oct  5 09:15:22 2026] [::1]:59389 Accepted
[Mon Oct  5 09:15:22 2026] [::1]:64135 [200]: GET /assets/splogo.jpg
[Mon Oct  5 09:15:22 2026] [::1]:59389 [200]: GET /assets/table-pagination.js
[Mon Oct  5 09:15:22 2026] [::1]:54237 Closing
[Mon Oct  5 09:15:22 2026] [::1]:54280 Closing
[Mon Oct  5 09:15:22 2026] [::1]:64135 Closing
[Mon Oct  5 09:15:22 2026] [::1]:51108 Accepted
[Mon Oct  5 09:15:22 2026] [::1]:59389 Closing
[Mon Oct  5 09:15:22 2026] [::1]:56049 Accepted
[Mon Oct  5 09:15:22 2026] [::1]:51108 [200]: GET /assets/record-search-suggestions.js
[Mon Oct  5 09:15:22 2026] [::1]:52256 Accepted
[Mon Oct  5 09:15:22 2026] [::1]:56049 [200]: GET /assets/attachment-validation.js
[Mon Oct  5 09:15:22 2026] [::1]:52256 [200]: GET /assets/system-windows.js?v=1791129283
[Mon Oct  5 09:15:22 2026] [::1]:51108 Closing
[Mon Oct  5 09:15:22 2026] [::1]:56049 Closing
[Mon Oct  5 09:15:22 2026] [::1]:52256 Closing
[Mon Oct  5 09:15:25 2026] [::1]:57194 Accepted
[Mon Oct  5 09:15:25 2026] [::1]:64923 Accepted
[Mon Oct  5 09:15:25 2026] [::1]:57194 [200]: GET /legislation.php
[Mon Oct  5 09:15:25 2026] [::1]:57194 Closing
[Mon Oct  5 09:15:25 2026] [::1]:61990 Accepted
[Mon Oct  5 09:15:25 2026] [::1]:56528 Accepted
[Mon Oct  5 09:15:25 2026] [::1]:64923 [200]: GET /assets/scroll-position.js?v=1791083171
[Mon Oct  5 09:15:25 2026] [::1]:61990 [200]: GET /assets/splogo.jpg
[Mon Oct  5 09:15:25 2026] [::1]:52273 Accepted
[Mon Oct  5 09:15:25 2026] [::1]:56528 [200]: GET /assets/styles.css?v=1791129271
[Mon Oct  5 09:15:25 2026] [::1]:52273 [200]: GET /assets/legislation-filters.js?v=1791043197
[Mon Oct  5 09:15:25 2026] [::1]:64923 Closing
[Mon Oct  5 09:15:25 2026] [::1]:61990 Closing
[Mon Oct  5 09:15:25 2026] [::1]:56528 Closing
[Mon Oct  5 09:15:25 2026] [::1]:52273 Closing
[Mon Oct  5 09:15:25 2026] [::1]:55568 Accepted
[Mon Oct  5 09:15:25 2026] [::1]:51752 Accepted
[Mon Oct  5 09:15:25 2026] [::1]:65349 Accepted
[Mon Oct  5 09:15:25 2026] [::1]:55568 [200]: GET /assets/table-pagination.js
[Mon Oct  5 09:15:25 2026] [::1]:54733 Accepted
[Mon Oct  5 09:15:25 2026] [::1]:51752 [200]: GET /assets/record-search-suggestions.js
[Mon Oct  5 09:15:25 2026] [::1]:65349 [200]: GET /assets/attachment-validation.js
[Mon Oct  5 09:15:25 2026] [::1]:54733 [200]: GET /assets/system-windows.js?v=1791129283
[Mon Oct  5 09:15:25 2026] [::1]:55568 Closing
[Mon Oct  5 09:15:25 2026] [::1]:51752 Closing
[Mon Oct  5 09:15:25 2026] [::1]:65349 Closing
[Mon Oct  5 09:15:25 2026] [::1]:54733 Closing
[Mon Oct  5 09:15:25 2026] [::1]:64361 Accepted
[Mon Oct  5 09:15:25 2026] [::1]:64361 [200]: GET /assets/legislation-background.png
[Mon Oct  5 09:15:25 2026] [::1]:64361 Closing
[Mon Oct  5 09:15:26 2026] [::1]:61937 Accepted
[Mon Oct  5 09:15:26 2026] [::1]:58575 Accepted
[Mon Oct  5 09:15:26 2026] [::1]:61937 [200]: GET /dashboard.php
[Mon Oct  5 09:15:26 2026] [::1]:61937 Closing
[Mon Oct  5 09:15:26 2026] [::1]:51561 Accepted
[Mon Oct  5 09:15:26 2026] [::1]:58575 [200]: GET /assets/scroll-position.js?v=1791083171
[Mon Oct  5 09:15:26 2026] [::1]:53202 Accepted
[Mon Oct  5 09:15:26 2026] [::1]:51561 [200]: GET /assets/styles.css?v=1791129271
[Mon Oct  5 09:15:26 2026] [::1]:61093 Accepted
[Mon Oct  5 09:15:26 2026] [::1]:53202 [200]: GET /assets/splogo.jpg
[Mon Oct  5 09:15:26 2026] [::1]:61093 [200]: GET /assets/table-pagination.js
[Mon Oct  5 09:15:26 2026] [::1]:58575 Closing
[Mon Oct  5 09:15:26 2026] [::1]:51561 Closing
[Mon Oct  5 09:15:26 2026] [::1]:53202 Closing
[Mon Oct  5 09:15:26 2026] [::1]:61184 Accepted
[Mon Oct  5 09:15:26 2026] [::1]:61093 Closing
[Mon Oct  5 09:15:26 2026] [::1]:57765 Accepted
[Mon Oct  5 09:15:26 2026] [::1]:61184 [200]: GET /assets/record-search-suggestions.js
[Mon Oct  5 09:15:26 2026] [::1]:52840 Accepted
[Mon Oct  5 09:15:26 2026] [::1]:57765 [200]: GET /assets/attachment-validation.js
[Mon Oct  5 09:15:26 2026] [::1]:52840 [200]: GET /assets/system-windows.js?v=1791129283
[Mon Oct  5 09:15:26 2026] [::1]:61184 Closing
[Mon Oct  5 09:15:26 2026] [::1]:57765 Closing
[Mon Oct  5 09:15:26 2026] [::1]:52840 Closing
[Mon Oct  5 09:15:27 2026] [::1]:55686 Accepted
[Mon Oct  5 09:15:28 2026] [::1]:65232 Accepted
[Mon Oct  5 09:15:28 2026] [::1]:55686 [200]: GET /legislation.php
[Mon Oct  5 09:15:28 2026] [::1]:55686 Closing
[Mon Oct  5 09:15:28 2026] [::1]:50166 Accepted
[Mon Oct  5 09:15:28 2026] [::1]:62416 Accepted
[Mon Oct  5 09:15:28 2026] [::1]:65232 [200]: GET /assets/scroll-position.js?v=1791083171
[Mon Oct  5 09:15:28 2026] [::1]:50166 [200]: GET /assets/styles.css?v=1791129271
[Mon Oct  5 09:15:28 2026] [::1]:56396 Accepted
[Mon Oct  5 09:15:28 2026] [::1]:62416 [200]: GET /assets/splogo.jpg
[Mon Oct  5 09:15:28 2026] [::1]:56396 [200]: GET /assets/legislation-filters.js?v=1791043197
[Mon Oct  5 09:15:28 2026] [::1]:65232 Closing
[Mon Oct  5 09:15:28 2026] [::1]:50166 Closing
[Mon Oct  5 09:15:28 2026] [::1]:62416 Closing
[Mon Oct  5 09:15:28 2026] [::1]:56396 Closing
[Mon Oct  5 09:15:28 2026] [::1]:59089 Accepted
[Mon Oct  5 09:15:28 2026] [::1]:62100 Accepted
[Mon Oct  5 09:15:28 2026] [::1]:63244 Accepted
[Mon Oct  5 09:15:28 2026] [::1]:59089 [200]: GET /assets/table-pagination.js
[Mon Oct  5 09:15:28 2026] [::1]:62100 [200]: GET /assets/record-search-suggestions.js
[Mon Oct  5 09:15:28 2026] [::1]:53980 Accepted
[Mon Oct  5 09:15:28 2026] [::1]:63244 [200]: GET /assets/attachment-validation.js
[Mon Oct  5 09:15:28 2026] [::1]:51379 Accepted
[Mon Oct  5 09:15:28 2026] [::1]:53980 [200]: GET /assets/system-windows.js?v=1791129283
[Mon Oct  5 09:15:28 2026] [::1]:51379 [200]: GET /assets/legislation-background.png
[Mon Oct  5 09:15:28 2026] [::1]:59089 Closing
[Mon Oct  5 09:15:28 2026] [::1]:62100 Closing
[Mon Oct  5 09:15:28 2026] [::1]:63244 Closing
[Mon Oct  5 09:15:28 2026] [::1]:53980 Closing
[Mon Oct  5 09:15:28 2026] [::1]:51379 Closing
[Mon Oct  5 09:16:35 2026] [::1]:62205 Accepted
[Mon Oct  5 09:16:35 2026] [::1]:62205 [200]: GET /legislation_detail.php?id=35&popup=1
[Mon Oct  5 09:16:35 2026] [::1]:62205 Closing
[Mon Oct  5 09:16:35 2026] [::1]:53925 Accepted
[Mon Oct  5 09:16:35 2026] [::1]:52523 Accepted
[Mon Oct  5 09:16:35 2026] [::1]:53925 [200]: GET /assets/styles.css?v=1791129271
[Mon Oct  5 09:16:35 2026] [::1]:58656 Accepted
[Mon Oct  5 09:16:35 2026] [::1]:52523 [200]: GET /assets/scroll-position.js?v=1791083171
[Mon Oct  5 09:16:35 2026] [::1]:55943 Accepted
[Mon Oct  5 09:16:35 2026] [::1]:58656 [200]: GET /assets/splogo.jpg
[Mon Oct  5 09:16:35 2026] [::1]:55943 [200]: GET /assets/table-pagination.js
[Mon Oct  5 09:16:35 2026] [::1]:53925 Closing
[Mon Oct  5 09:16:35 2026] [::1]:52523 Closing
[Mon Oct  5 09:16:35 2026] [::1]:58656 Closing
[Mon Oct  5 09:16:35 2026] [::1]:55943 Closing
[Mon Oct  5 09:16:35 2026] [::1]:62661 Accepted
[Mon Oct  5 09:16:35 2026] [::1]:60669 Accepted
[Mon Oct  5 09:16:35 2026] [::1]:61326 Accepted
[Mon Oct  5 09:16:35 2026] [::1]:62661 [200]: GET /assets/record-search-suggestions.js
[Mon Oct  5 09:16:35 2026] [::1]:60669 [200]: GET /assets/attachment-validation.js
[Mon Oct  5 09:16:35 2026] [::1]:61326 [200]: GET /assets/system-windows.js?v=1791129283
[Mon Oct  5 09:16:35 2026] [::1]:62661 Closing
[Mon Oct  5 09:16:35 2026] [::1]:60669 Closing
[Mon Oct  5 09:16:35 2026] [::1]:61326 Closing
[Mon Oct  5 09:17:36 2026] [::1]:63222 Accepted
[Mon Oct  5 09:17:36 2026] [::1]:63222 [200]: GET /legislation_detail.php?id=118&popup=1
[Mon Oct  5 09:17:36 2026] [::1]:63222 Closing
[Mon Oct  5 09:17:36 2026] [::1]:58853 Accepted
[Mon Oct  5 09:17:36 2026] [::1]:60729 Accepted
[Mon Oct  5 09:17:36 2026] [::1]:61224 Accepted
[Mon Oct  5 09:17:36 2026] [::1]:59179 Accepted
[Mon Oct  5 09:17:36 2026] [::1]:58853 [200]: GET /assets/styles.css?v=1791129271
[Mon Oct  5 09:17:36 2026] [::1]:60729 [200]: GET /assets/scroll-position.js?v=1791083171
[Mon Oct  5 09:17:36 2026] [::1]:61224 [200]: GET /assets/splogo.jpg
[Mon Oct  5 09:17:36 2026] [::1]:59179 [200]: GET /assets/table-pagination.js
[Mon Oct  5 09:17:36 2026] [::1]:58853 Closing
[Mon Oct  5 09:17:36 2026] [::1]:60729 Closing
[Mon Oct  5 09:17:36 2026] [::1]:61224 Closing
[Mon Oct  5 09:17:36 2026] [::1]:59179 Closing
[Mon Oct  5 09:17:36 2026] [::1]:56065 Accepted
[Mon Oct  5 09:17:36 2026] [::1]:56065 [200]: GET /assets/record-search-suggestions.js
[Mon Oct  5 09:17:36 2026] [::1]:52225 Accepted
[Mon Oct  5 09:17:36 2026] [::1]:52225 [200]: GET /assets/attachment-validation.js
[Mon Oct  5 09:17:36 2026] [::1]:56065 Closing
[Mon Oct  5 09:17:36 2026] [::1]:52225 Closing
[Mon Oct  5 09:17:36 2026] [::1]:50549 Accepted
[Mon Oct  5 09:17:36 2026] [::1]:50549 [200]: GET /assets/system-windows.js?v=1791129283
[Mon Oct  5 09:17:36 2026] [::1]:50549 Closing
[Mon Oct  5 09:17:50 2026] [::1]:57764 Accepted
[Mon Oct  5 09:17:50 2026] [::1]:64122 Accepted
[Mon Oct  5 09:17:50 2026] [::1]:57764 [200]: GET /legislation_file.php?id=118
[Mon Oct  5 09:17:50 2026] [::1]:57764 Closing
[Mon Oct  5 09:17:50 2026] [::1]:61258 Accepted
[Mon Oct  5 09:18:09 2026] [::1]:51823 Accepted
[Mon Oct  5 09:18:09 2026] [::1]:64122 [200]: GET /legislation_file.php?id=118
[Mon Oct  5 09:18:09 2026] [::1]:64122 Closing
[Mon Oct  5 09:20:14 2026] [::1]:61258 Closed without sending a request; it was probably just an unused speculative preconnection
[Mon Oct  5 09:20:14 2026] [::1]:61258 Closing
[Mon Oct  5 09:20:14 2026] [::1]:51823 Closed without sending a request; it was probably just an unused speculative preconnection
[Mon Oct  5 09:20:14 2026] [::1]:51823 Closing
[Mon Oct  5 09:25:52 2026] [::1]:63056 Accepted
[Mon Oct  5 09:25:52 2026] [::1]:63056 [302]: GET /e-library_old.php
[Mon Oct  5 09:25:52 2026] [::1]:63056 Closing
[Mon Oct  5 09:25:52 2026] [::1]:63057 Accepted
[Mon Oct  5 09:25:52 2026] [::1]:63057 [200]: GET /login.php
[Mon Oct  5 09:25:52 2026] [::1]:63057 Closing
[Mon Oct  5 09:25:52 2026] [::1]:63058 Accepted
[Mon Oct  5 09:25:52 2026] [::1]:63058 [302]: POST /login.php
[Mon Oct  5 09:25:52 2026] [::1]:63058 Closing
[Mon Oct  5 09:25:52 2026] [::1]:63060 Accepted
[Mon Oct  5 09:25:52 2026] [::1]:63060 [200]: GET /e-library_old.php
[Mon Oct  5 09:25:52 2026] [::1]:63060 Closing
[Mon Oct  5 09:25:52 2026] [::1]:63062 Accepted
[Mon Oct  5 09:25:52 2026] Legislation: Choose authors and co-authors from the selected term.
[Mon Oct  5 09:25:52 2026] [::1]:63062 [200]: POST /e-library_old.php
[Mon Oct  5 09:25:52 2026] [::1]:63062 Closing
[Mon Oct  5 09:25:52 2026] [::1]:63064 Accepted
[Mon Oct  5 09:25:52 2026] Legislation: Choose committees with membership in the selected term.
[Mon Oct  5 09:25:52 2026] [::1]:63064 [200]: POST /e-library_old.php
[Mon Oct  5 09:25:52 2026] [::1]:63064 Closing
[Mon Oct  5 09:25:52 2026] [::1]:63066 Accepted
[Mon Oct  5 09:25:52 2026] Legislation: Enter a valid approval date within the selected term.
[Mon Oct  5 09:25:52 2026] [::1]:63066 [200]: POST /e-library_old.php
[Mon Oct  5 09:25:52 2026] [::1]:63066 Closing
[Mon Oct  5 09:25:52 2026] [::1]:63068 Accepted
[Mon Oct  5 09:25:52 2026] [::1]:63068 [302]: POST /e-library_old.php
[Mon Oct  5 09:25:52 2026] [::1]:63068 Closing
[Mon Oct  5 09:25:52 2026] [::1]:63070 Accepted
[Mon Oct  5 09:25:52 2026] [::1]:63070 [200]: GET /legislation.php?search=HISTORICAL-QA-360ddc5d20
[Mon Oct  5 09:25:52 2026] [::1]:63070 Closing
[Mon Oct  5 09:25:52 2026] [::1]:63072 Accepted
[Mon Oct  5 09:25:52 2026] [::1]:63072 [200]: GET /elibrary_review.php?id=312
[Mon Oct  5 09:25:52 2026] [::1]:63072 Closing
[Mon Oct  5 09:25:52 2026] [::1]:63074 Accepted
[Mon Oct  5 09:25:52 2026] [::1]:63074 [302]: POST /elibrary_review.php?id=312
[Mon Oct  5 09:25:52 2026] [::1]:63074 Closing
[Mon Oct  5 09:25:52 2026] [::1]:63076 Accepted
[Mon Oct  5 09:25:53 2026] [::1]:63076 [200]: GET /legislation.php?search=HISTORICAL-QA-360ddc5d20&term_id=42&kind=ordinance
[Mon Oct  5 09:25:53 2026] [::1]:63076 Closing
[Mon Oct  5 09:25:53 2026] [::1]:63078 Accepted
[Mon Oct  5 09:25:53 2026] [::1]:63078 [200]: GET /legislation.php?search=HISTORICAL-QA-360ddc5d20&download=pdf
[Mon Oct  5 09:25:53 2026] [::1]:63078 Closing
[Mon Oct  5 09:25:53 2026] [::1]:63080 Accepted
[Mon Oct  5 09:25:53 2026] [::1]:63080 [302]: POST /e-library_old.php?edit=312
[Mon Oct  5 09:25:53 2026] [::1]:63080 Closing
[Mon Oct  5 09:25:53 2026] [::1]:63082 Accepted
[Mon Oct  5 09:25:53 2026] [::1]:63082 [200]: GET /elibrary_review.php?id=312
[Mon Oct  5 09:25:53 2026] [::1]:63082 Closing
[Mon Oct  5 09:25:53 2026] [::1]:63084 Accepted
[Mon Oct  5 09:25:53 2026] [::1]:63084 [302]: POST /elibrary_review.php?id=312
[Mon Oct  5 09:25:53 2026] [::1]:63084 Closing
[Mon Oct  5 09:25:53 2026] [::1]:63086 Accepted
[Mon Oct  5 09:25:53 2026] Legislation: Choose an existing published ordinance or resolution. A document cannot amend itself.
[Mon Oct  5 09:25:53 2026] [::1]:63086 [200]: POST /e-library_old.php
[Mon Oct  5 09:25:53 2026] [::1]:63086 Closing
[Mon Oct  5 09:25:53 2026] [::1]:63088 Accepted
[Mon Oct  5 09:25:53 2026] [::1]:63088 [302]: POST /e-library_old.php
[Mon Oct  5 09:25:54 2026] [::1]:63088 Closing
[Mon Oct  5 09:25:54 2026] [::1]:63090 Accepted
[Mon Oct  5 09:25:54 2026] [::1]:63090 [200]: GET /legislation.php?search=HISTORICAL-QA-360ddc5d20
[Mon Oct  5 09:25:54 2026] [::1]:63090 Closing
[Mon Oct  5 09:25:54 2026] [::1]:63092 Accepted
[Mon Oct  5 09:25:54 2026] [::1]:63092 [200]: GET /elibrary_review.php?id=313
[Mon Oct  5 09:25:54 2026] [::1]:63092 Closing
[Mon Oct  5 09:25:54 2026] [::1]:63094 Accepted
[Mon Oct  5 09:25:54 2026] [::1]:63094 [302]: POST /elibrary_review.php?id=313
[Mon Oct  5 09:25:54 2026] [::1]:63094 Closing
[Mon Oct  5 09:25:54 2026] [::1]:63096 Accepted
[Mon Oct  5 09:25:54 2026] [::1]:63096 [200]: GET /legislation_detail.php?id=130
[Mon Oct  5 09:25:54 2026] [::1]:63096 Closing
[Mon Oct  5 09:25:54 2026] [::1]:63098 Accepted
[Mon Oct  5 09:25:54 2026] [::1]:63098 [200]: GET /legislation_detail.php?id=132
[Mon Oct  5 09:25:54 2026] [::1]:63098 Closing
[Mon Oct  5 09:25:54 2026] [::1]:63100 Accepted
[Mon Oct  5 09:25:54 2026] [::1]:63100 [200]: GET /legislation.php?search=HISTORICAL-QA-360ddc5d20&term_id=42&kind=resolution
[Mon Oct  5 09:25:54 2026] [::1]:63100 Closing
[Mon Oct  5 09:25:54 2026] [::1]:63102 Accepted
[Mon Oct  5 09:25:54 2026] [::1]:63102 [200]: GET /legislation.php?search=HISTORICAL-QA-360ddc5d20&download=pdf
[Mon Oct  5 09:25:54 2026] [::1]:63102 Closing
[Mon Oct  5 09:25:54 2026] [::1]:63104 Accepted
[Mon Oct  5 09:25:54 2026] [::1]:63104 [302]: POST /e-library_old.php?edit=313
[Mon Oct  5 09:25:54 2026] [::1]:63104 Closing
[Mon Oct  5 09:25:54 2026] [::1]:63106 Accepted
[Mon Oct  5 09:25:54 2026] [::1]:63106 [200]: GET /elibrary_review.php?id=313
[Mon Oct  5 09:25:54 2026] [::1]:63106 Closing
[Mon Oct  5 09:25:54 2026] [::1]:63108 Accepted
[Mon Oct  5 09:25:54 2026] [::1]:63108 [302]: POST /elibrary_review.php?id=313
[Mon Oct  5 09:25:54 2026] [::1]:63108 Closing
[Mon Oct  5 09:25:54 2026] [::1]:63110 Accepted
[Mon Oct  5 09:25:54 2026] [::1]:63110 [200]: GET /legislation_detail.php?id=130
[Mon Oct  5 09:25:54 2026] [::1]:63110 Closing
[Mon Oct  5 09:25:54 2026] [::1]:63112 Accepted
[Mon Oct  5 09:25:54 2026] Legislation: SQLSTATE[23000]: Integrity constraint violation: 1062 Duplicate entry '42-resolution-HISTORICAL-QA-360ddc5d20' for key 'historical_number_term'
[Mon Oct  5 09:25:54 2026] [::1]:63112 [200]: POST /e-library_old.php
[Mon Oct  5 09:25:54 2026] [::1]:63112 Closing
[Mon Oct  5 09:25:54 2026] [::1]:63114 Accepted
[Mon Oct  5 09:25:54 2026] [::1]:63114 [302]: GET /logout.php
[Mon Oct  5 09:25:54 2026] [::1]:63114 Closing
[Mon Oct  5 09:25:54 2026] [::1]:63116 Accepted
[Mon Oct  5 09:25:54 2026] [::1]:63116 [200]: GET /login.php
[Mon Oct  5 09:25:54 2026] [::1]:63116 Closing
[Mon Oct  5 09:25:54 2026] [::1]:63117 Accepted
[Mon Oct  5 09:25:54 2026] [::1]:63117 [302]: POST /login.php
[Mon Oct  5 09:25:54 2026] [::1]:63117 Closing
[Mon Oct  5 09:25:54 2026] [::1]:63119 Accepted
[Mon Oct  5 09:25:54 2026] [::1]:63119 [403]: GET /e-library_old.php
[Mon Oct  5 09:25:54 2026] [::1]:63119 Closing
[Mon Oct  5 09:25:55 2026] [::1]:63121 Accepted
[Mon Oct  5 09:25:55 2026] [::1]:63121 [200]: GET /login.php
[Mon Oct  5 09:25:55 2026] [::1]:63121 Closing
[Mon Oct  5 09:25:55 2026] [::1]:63122 Accepted
[Mon Oct  5 09:25:55 2026] [::1]:63122 [302]: POST /login.php
[Mon Oct  5 09:25:55 2026] [::1]:63122 Closing
[Mon Oct  5 09:25:55 2026] [::1]:63124 Accepted
[Mon Oct  5 09:25:55 2026] [::1]:63124 [200]: GET /dashboard.php
[Mon Oct  5 09:25:55 2026] [::1]:63124 Closing
[Mon Oct  5 09:25:55 2026] [::1]:63126 Accepted
[Mon Oct  5 09:25:55 2026] [::1]:63126 [200]: GET /terms.php
[Mon Oct  5 09:25:55 2026] [::1]:63126 Closing
[Mon Oct  5 09:25:55 2026] [::1]:63128 Accepted
[Mon Oct  5 09:25:55 2026] [::1]:63128 [403]: POST /terms.php
[Mon Oct  5 09:25:55 2026] [::1]:63128 Closing
[Mon Oct  5 09:25:55 2026] [::1]:63130 Accepted
[Mon Oct  5 09:25:55 2026] [::1]:63130 [200]: GET /elibrary_form.php?record_id=228&kind=ordinance
[Mon Oct  5 09:25:55 2026] [::1]:63130 Closing
[Mon Oct  5 09:25:55 2026] [::1]:63132 Accepted
[Mon Oct  5 09:25:55 2026] [::1]:63132 [200]: GET /elibrary_categories.php
[Mon Oct  5 09:25:55 2026] [::1]:63132 Closing
[Mon Oct  5 09:25:55 2026] [::1]:63134 Accepted
[Mon Oct  5 09:25:55 2026] E-Library save: Please select a saved category for this legislation type.
[Mon Oct  5 09:25:55 2026] [::1]:63134 [200]: POST /elibrary_form.php?record_id=228&kind=ordinance
[Mon Oct  5 09:25:55 2026] [::1]:63134 Closing
[Mon Oct  5 09:25:55 2026] [::1]:63136 Accepted
[Mon Oct  5 09:25:55 2026] [::1]:63136 [302]: POST /elibrary_form.php?record_id=228&kind=ordinance
[Mon Oct  5 09:25:55 2026] [::1]:63136 Closing
[Mon Oct  5 09:25:55 2026] [::1]:63138 Accepted
[Mon Oct  5 09:25:55 2026] [::1]:63138 [200]: GET /elibrary_review.php?id=315
[Mon Oct  5 09:25:55 2026] [::1]:63138 Closing
[Mon Oct  5 09:25:55 2026] [::1]:63140 Accepted
[Mon Oct  5 09:25:55 2026] [::1]:63140 [302]: POST /elibrary_review.php?id=315
[Mon Oct  5 09:25:55 2026] [::1]:63140 Closing
[Mon Oct  5 09:25:55 2026] [::1]:63142 Accepted
[Mon Oct  5 09:25:55 2026] [::1]:63142 [404]: GET /legislation_file.php?id=134
[Mon Oct  5 09:25:55 2026] [::1]:63142 Closing
[Mon Oct  5 09:25:55 2026] [::1]:63144 Accepted
[Mon Oct  5 09:25:55 2026] [::1]:63144 [200]: GET /legislation_detail.php?id=134
[Mon Oct  5 09:25:55 2026] [::1]:63144 Closing
[Mon Oct  5 09:25:55 2026] [::1]:63146 Accepted
[Mon Oct  5 09:25:55 2026] [::1]:63146 [200]: GET /legislation.php?search=ELIBRARY-TEST-c21c8f9ee3f4-O
[Mon Oct  5 09:25:55 2026] [::1]:63146 Closing
[Mon Oct  5 09:25:55 2026] [::1]:63148 Accepted
[Mon Oct  5 09:25:55 2026] PHP Notice:  PHP Request Startup: file created in the system's temporary directory in Unknown on line 0
[Mon Oct  5 09:25:56 2026] E-Library save: Only PDF, JPEG, and PNG files are allowed.
[Mon Oct  5 09:25:56 2026] [::1]:63148 [200]: POST /elibrary_form.php?record_id=228&kind=ordinance
[Mon Oct  5 09:25:56 2026] [::1]:63148 Closing
[Mon Oct  5 09:25:56 2026] [::1]:63150 Accepted
[Mon Oct  5 09:25:56 2026] PHP Notice:  PHP Request Startup: file created in the system's temporary directory in Unknown on line 0
[Mon Oct  5 09:25:56 2026] [::1]:63150 [302]: POST /elibrary_form.php?record_id=228&kind=ordinance
[Mon Oct  5 09:25:56 2026] [::1]:63150 Closing
[Mon Oct  5 09:25:56 2026] [::1]:63152 Accepted
[Mon Oct  5 09:25:56 2026] [::1]:63152 [200]: GET /legislation.php?search=ELIBRARY-TEST-c21c8f9ee3f4
[Mon Oct  5 09:25:56 2026] [::1]:63152 Closing
[Mon Oct  5 09:25:56 2026] [::1]:63154 Accepted
[Mon Oct  5 09:25:56 2026] [::1]:63154 [302]: GET /legislation_file.php?draft=1&id=316
[Mon Oct  5 09:25:56 2026] [::1]:63154 Closing
[Mon Oct  5 09:25:56 2026] [::1]:63155 Accepted
[Mon Oct  5 09:25:56 2026] [::1]:63155 [404]: GET /legislation_file.php?id=316
[Mon Oct  5 09:25:56 2026] [::1]:63155 Closing
[Mon Oct  5 09:25:56 2026] [::1]:63157 Accepted
[Mon Oct  5 09:25:56 2026] [::1]:63157 [200]: GET /elibrary_review.php?id=316
[Mon Oct  5 09:25:56 2026] [::1]:63157 Closing
[Mon Oct  5 09:25:56 2026] [::1]:63159 Accepted
[Mon Oct  5 09:25:56 2026] E-Library post: The draft changed. Review the latest details before posting.
[Mon Oct  5 09:25:56 2026] [::1]:63159 [200]: POST /elibrary_review.php?id=316
[Mon Oct  5 09:25:56 2026] [::1]:63159 Closing
[Mon Oct  5 09:25:56 2026] [::1]:63161 Accepted
[Mon Oct  5 09:25:56 2026] [::1]:63161 [302]: POST /elibrary_review.php?id=316
[Mon Oct  5 09:25:56 2026] [::1]:63161 Closing
[Mon Oct  5 09:25:56 2026] [::1]:63163 Accepted
[Mon Oct  5 09:25:56 2026] [::1]:63163 [200]: GET /legislation.php?search=ELIBRARY-TEST-c21c8f9ee3f4+transport
[Mon Oct  5 09:25:56 2026] [::1]:63163 Closing
[Mon Oct  5 09:25:56 2026] [::1]:63165 Accepted
[Mon Oct  5 09:25:56 2026] [::1]:63165 [200]: GET /legislation_file.php?id=135
[Mon Oct  5 09:25:56 2026] [::1]:63165 Closing
[Mon Oct  5 09:25:56 2026] [::1]:63167 Accepted
[Mon Oct  5 09:25:56 2026] [::1]:63167 [200]: GET /legislation_detail.php?id=135
[Mon Oct  5 09:25:56 2026] [::1]:63167 Closing
[Mon Oct  5 09:25:56 2026] [::1]:63169 Accepted
[Mon Oct  5 09:25:56 2026] [::1]:63169 [200]: GET /elibrary_form.php?record_id=228&kind=ordinance
[Mon Oct  5 09:25:56 2026] [::1]:63169 Closing
[Mon Oct  5 09:25:56 2026] [::1]:63171 Accepted
[Mon Oct  5 09:25:56 2026] [::1]:63171 [302]: POST /elibrary_form.php?record_id=228&kind=ordinance
[Mon Oct  5 09:25:56 2026] [::1]:63171 Closing
[Mon Oct  5 09:25:56 2026] [::1]:63173 Accepted
[Mon Oct  5 09:25:56 2026] [::1]:63173 [200]: GET /elibrary_review.php?id=316
[Mon Oct  5 09:25:56 2026] [::1]:63173 Closing
[Mon Oct  5 09:25:56 2026] [::1]:63175 Accepted
[Mon Oct  5 09:25:56 2026] [::1]:63175 [302]: POST /elibrary_review.php?id=316
[Mon Oct  5 09:25:56 2026] [::1]:63175 Closing
[Mon Oct  5 09:25:56 2026] [::1]:63177 Accepted
[Mon Oct  5 09:25:56 2026] [::1]:63177 [200]: GET /elibrary_form.php?record_id=228&kind=resolution
[Mon Oct  5 09:25:56 2026] [::1]:63177 Closing
[Mon Oct  5 09:25:56 2026] [::1]:63179 Accepted
[Mon Oct  5 09:25:56 2026] [::1]:63179 [200]: GET /elibrary_categories.php
[Mon Oct  5 09:25:56 2026] [::1]:63179 Closing
[Mon Oct  5 09:25:56 2026] [::1]:63181 Accepted
[Mon Oct  5 09:25:56 2026] E-Library save: Please select a saved category for this legislation type.
[Mon Oct  5 09:25:56 2026] [::1]:63181 [200]: POST /elibrary_form.php?record_id=228&kind=resolution
[Mon Oct  5 09:25:56 2026] [::1]:63181 Closing
[Mon Oct  5 09:25:56 2026] [::1]:63183 Accepted
[Mon Oct  5 09:25:57 2026] [::1]:63183 [302]: POST /elibrary_form.php?record_id=228&kind=resolution
[Mon Oct  5 09:25:57 2026] [::1]:63183 Closing
[Mon Oct  5 09:25:57 2026] [::1]:63185 Accepted
[Mon Oct  5 09:25:57 2026] [::1]:63185 [200]: GET /elibrary_review.php?id=317
[Mon Oct  5 09:25:57 2026] [::1]:63185 Closing
[Mon Oct  5 09:25:57 2026] [::1]:63187 Accepted
[Mon Oct  5 09:25:57 2026] [::1]:63187 [302]: POST /elibrary_review.php?id=317
[Mon Oct  5 09:25:57 2026] [::1]:63187 Closing
[Mon Oct  5 09:25:57 2026] [::1]:63189 Accepted
[Mon Oct  5 09:25:57 2026] [::1]:63189 [404]: GET /legislation_file.php?id=137
[Mon Oct  5 09:25:57 2026] [::1]:63189 Closing
[Mon Oct  5 09:25:57 2026] [::1]:63191 Accepted
[Mon Oct  5 09:25:57 2026] [::1]:63191 [200]: GET /legislation_detail.php?id=137
[Mon Oct  5 09:25:57 2026] [::1]:63191 Closing
[Mon Oct  5 09:25:57 2026] [::1]:63193 Accepted
[Mon Oct  5 09:25:57 2026] [::1]:63193 [200]: GET /legislation.php?search=ELIBRARY-TEST-c21c8f9ee3f4-R
[Mon Oct  5 09:25:57 2026] [::1]:63193 Closing
[Mon Oct  5 09:25:57 2026] [::1]:63195 Accepted
[Mon Oct  5 09:25:57 2026] PHP Notice:  PHP Request Startup: file created in the system's temporary directory in Unknown on line 0
[Mon Oct  5 09:25:57 2026] E-Library save: Only PDF, JPEG, and PNG files are allowed.
[Mon Oct  5 09:25:57 2026] [::1]:63195 [200]: POST /elibrary_form.php?record_id=228&kind=resolution
[Mon Oct  5 09:25:57 2026] [::1]:63195 Closing
[Mon Oct  5 09:25:57 2026] [::1]:63197 Accepted
[Mon Oct  5 09:25:57 2026] PHP Notice:  PHP Request Startup: file created in the system's temporary directory in Unknown on line 0
[Mon Oct  5 09:25:57 2026] [::1]:63197 [302]: POST /elibrary_form.php?record_id=228&kind=resolution
[Mon Oct  5 09:25:57 2026] [::1]:63197 Closing
[Mon Oct  5 09:25:57 2026] [::1]:63199 Accepted
[Mon Oct  5 09:25:57 2026] [::1]:63199 [200]: GET /legislation.php?search=ELIBRARY-TEST-c21c8f9ee3f4
[Mon Oct  5 09:25:57 2026] [::1]:63199 Closing
[Mon Oct  5 09:25:57 2026] [::1]:63201 Accepted
[Mon Oct  5 09:25:57 2026] [::1]:63201 [302]: GET /legislation_file.php?draft=1&id=318
[Mon Oct  5 09:25:57 2026] [::1]:63201 Closing
[Mon Oct  5 09:25:57 2026] [::1]:63202 Accepted
[Mon Oct  5 09:25:57 2026] [::1]:63202 [404]: GET /legislation_file.php?id=318
[Mon Oct  5 09:25:57 2026] [::1]:63202 Closing
[Mon Oct  5 09:25:57 2026] [::1]:63204 Accepted
[Mon Oct  5 09:25:57 2026] [::1]:63204 [200]: GET /elibrary_review.php?id=318
[Mon Oct  5 09:25:57 2026] [::1]:63204 Closing
[Mon Oct  5 09:25:57 2026] [::1]:63206 Accepted
[Mon Oct  5 09:25:57 2026] E-Library post: The draft changed. Review the latest details before posting.
[Mon Oct  5 09:25:57 2026] [::1]:63206 [200]: POST /elibrary_review.php?id=318
[Mon Oct  5 09:25:57 2026] [::1]:63206 Closing
[Mon Oct  5 09:25:57 2026] [::1]:63208 Accepted
[Mon Oct  5 09:25:57 2026] [::1]:63208 [302]: POST /elibrary_review.php?id=318
[Mon Oct  5 09:25:57 2026] [::1]:63208 Closing
[Mon Oct  5 09:25:57 2026] [::1]:63210 Accepted
[Mon Oct  5 09:25:57 2026] [::1]:63210 [200]: GET /legislation.php?search=ELIBRARY-TEST-c21c8f9ee3f4+transport
[Mon Oct  5 09:25:57 2026] [::1]:63210 Closing
[Mon Oct  5 09:25:57 2026] [::1]:63212 Accepted
[Mon Oct  5 09:25:57 2026] [::1]:63212 [200]: GET /legislation_detail.php?id=135
[Mon Oct  5 09:25:57 2026] [::1]:63212 Closing
[Mon Oct  5 09:25:57 2026] [::1]:63214 Accepted
[Mon Oct  5 09:25:57 2026] [::1]:63214 [200]: GET /legislation_file.php?id=138
[Mon Oct  5 09:25:57 2026] [::1]:63214 Closing
[Mon Oct  5 09:25:57 2026] [::1]:63216 Accepted
[Mon Oct  5 09:25:57 2026] [::1]:63216 [200]: GET /legislation_detail.php?id=138
[Mon Oct  5 09:25:57 2026] [::1]:63216 Closing
[Mon Oct  5 09:25:57 2026] [::1]:63218 Accepted
[Mon Oct  5 09:25:57 2026] [::1]:63218 [200]: GET /elibrary_form.php?record_id=228&kind=resolution
[Mon Oct  5 09:25:57 2026] [::1]:63218 Closing
[Mon Oct  5 09:25:57 2026] [::1]:63220 Accepted
[Mon Oct  5 09:25:57 2026] [::1]:63220 [302]: POST /elibrary_form.php?record_id=228&kind=resolution
[Mon Oct  5 09:25:57 2026] [::1]:63220 Closing
[Mon Oct  5 09:25:57 2026] [::1]:63222 Accepted
[Mon Oct  5 09:25:57 2026] [::1]:63222 [200]: GET /elibrary_review.php?id=318
[Mon Oct  5 09:25:57 2026] [::1]:63222 Closing
[Mon Oct  5 09:25:57 2026] [::1]:63224 Accepted
[Mon Oct  5 09:25:57 2026] [::1]:63224 [302]: POST /elibrary_review.php?id=318
[Mon Oct  5 09:25:57 2026] [::1]:63224 Closing
[Mon Oct  5 09:25:57 2026] [::1]:63226 Accepted
[Mon Oct  5 09:25:57 2026] [::1]:63226 [200]: GET /legislation.php?search=ELIBRARY-TEST-c21c8f9ee3f4+Updated+Category
[Mon Oct  5 09:25:57 2026] [::1]:63226 Closing
[Mon Oct  5 09:25:57 2026] [::1]:63228 Accepted
[Mon Oct  5 09:25:58 2026] [::1]:63228 [200]: GET /legislation.php?search=ELIBRARY-TEST-c21c8f9ee3f4&kind=resolution&category=ELIBRARY-TEST-c21c8f9ee3f4+Updated+Category&author=Test+Author
[Mon Oct  5 09:25:58 2026] [::1]:63228 Closing
[Mon Oct  5 09:25:58 2026] [::1]:63230 Accepted
[Mon Oct  5 09:25:58 2026] [::1]:63230 [200]: GET /legislation.php?search=ELIBRARY-TEST-c21c8f9ee3f4&author=No+Matching+Author
[Mon Oct  5 09:25:58 2026] [::1]:63230 Closing
[Mon Oct  5 09:25:58 2026] [::1]:63232 Accepted
[Mon Oct  5 09:25:58 2026] [::1]:63232 [200]: GET /legislation.php?search=ELIBRARY-TEST-c21c8f9ee3f4&kind=resolution&download=pdf
[Mon Oct  5 09:25:58 2026] [::1]:63232 Closing
[Mon Oct  5 09:25:58 2026] [::1]:63234 Accepted
[Mon Oct  5 09:25:58 2026] [::1]:63234 [200]: GET /legislation.php?search=ELIBRARY-TEST-c21c8f9ee3f4&co_author=No+Matching+Co-Author
[Mon Oct  5 09:25:58 2026] [::1]:63234 Closing
[Mon Oct  5 09:25:58 2026] [::1]:63236 Accepted
[Mon Oct  5 09:25:58 2026] [::1]:63236 [400]: GET /elibrary_form.php?record_id=228&kind=invalid
[Mon Oct  5 09:25:58 2026] [::1]:63236 Closing
[Mon Oct  5 09:25:58 2026] [::1]:63238 Accepted
[Mon Oct  5 09:25:58 2026] [::1]:63238 [419]: POST /elibrary_form.php?record_id=228
[Mon Oct  5 09:25:58 2026] [::1]:63238 Closing
[Mon Oct  5 09:25:58 2026] [::1]:63240 Accepted
[Mon Oct  5 09:25:58 2026] [::1]:63240 [404]: GET /elibrary_form.php?record_id=228
[Mon Oct  5 09:25:58 2026] [::1]:63240 Closing
[Mon Oct  5 09:25:58 2026] [::1]:63242 Accepted
[Mon Oct  5 09:25:58 2026] [::1]:63242 [302]: GET /logout.php
[Mon Oct  5 09:25:58 2026] [::1]:63242 Closing
[Mon Oct  5 09:25:58 2026] [::1]:63244 Accepted
[Mon Oct  5 09:25:58 2026] [::1]:63244 [200]: GET /login.php
[Mon Oct  5 09:25:58 2026] [::1]:63244 Closing
[Mon Oct  5 09:25:58 2026] [::1]:63245 Accepted
[Mon Oct  5 09:25:58 2026] [::1]:63245 [302]: POST /login.php
[Mon Oct  5 09:25:58 2026] [::1]:63245 Closing
[Mon Oct  5 09:25:58 2026] [::1]:63247 Accepted
[Mon Oct  5 09:25:58 2026] [::1]:63247 [200]: GET /elibrary_categories.php
[Mon Oct  5 09:25:58 2026] [::1]:63247 Closing
[Mon Oct  5 09:25:58 2026] [::1]:63249 Accepted
[Mon Oct  5 09:25:58 2026] [::1]:63249 [302]: POST /elibrary_categories.php
[Mon Oct  5 09:25:58 2026] [::1]:63249 Closing
[Mon Oct  5 09:25:58 2026] [::1]:63251 Accepted
[Mon Oct  5 09:25:58 2026] [::1]:63251 [200]: POST /elibrary_categories.php
[Mon Oct  5 09:25:58 2026] [::1]:63251 Closing
[Mon Oct  5 09:25:58 2026] [::1]:63253 Accepted
[Mon Oct  5 09:25:58 2026] [::1]:63253 [302]: GET /logout.php
[Mon Oct  5 09:25:58 2026] [::1]:63253 Closing
[Mon Oct  5 09:25:58 2026] [::1]:63255 Accepted
[Mon Oct  5 09:25:58 2026] [::1]:63255 [200]: GET /login.php
[Mon Oct  5 09:25:58 2026] [::1]:63255 Closing
[Mon Oct  5 09:25:58 2026] [::1]:63256 Accepted
[Mon Oct  5 09:25:59 2026] [::1]:63256 [302]: POST /login.php
[Mon Oct  5 09:25:59 2026] [::1]:63256 Closing
[Mon Oct  5 09:25:59 2026] [::1]:63258 Accepted
[Mon Oct  5 09:25:59 2026] [::1]:63258 [200]: GET /elibrary_categories.php
[Mon Oct  5 09:25:59 2026] [::1]:63258 Closing
[Mon Oct  5 09:25:59 2026] [::1]:63260 Accepted
[Mon Oct  5 09:25:59 2026] [::1]:63260 [200]: GET /dashboard.php
[Mon Oct  5 09:25:59 2026] [::1]:63260 Closing
[Mon Oct  5 09:25:59 2026] [::1]:63262 Accepted
[Mon Oct  5 09:25:59 2026] [::1]:63262 [302]: GET /logout.php
[Mon Oct  5 09:25:59 2026] [::1]:63262 Closing
[Mon Oct  5 09:25:59 2026] [::1]:63264 Accepted
[Mon Oct  5 09:25:59 2026] [::1]:63264 [200]: GET /login.php
[Mon Oct  5 09:25:59 2026] [::1]:63264 Closing
[Mon Oct  5 09:25:59 2026] [::1]:63265 Accepted
[Mon Oct  5 09:25:59 2026] [::1]:63265 [302]: POST /login.php
[Mon Oct  5 09:25:59 2026] [::1]:63265 Closing
[Mon Oct  5 09:25:59 2026] [::1]:63267 Accepted
[Mon Oct  5 09:25:59 2026] [::1]:63267 [200]: GET /elibrary_categories.php
[Mon Oct  5 09:25:59 2026] [::1]:63267 Closing
[Mon Oct  5 09:25:59 2026] [::1]:63269 Accepted
[Mon Oct  5 09:25:59 2026] [::1]:63269 [200]: GET /dashboard.php
[Mon Oct  5 09:25:59 2026] [::1]:63269 Closing
[Mon Oct  5 09:25:59 2026] [::1]:63271 Accepted
[Mon Oct  5 09:25:59 2026] [::1]:63271 [302]: GET /logout.php
[Mon Oct  5 09:25:59 2026] [::1]:63271 Closing
[Mon Oct  5 09:25:59 2026] [::1]:63273 Accepted
[Mon Oct  5 09:25:59 2026] [::1]:63273 [200]: GET /login.php
[Mon Oct  5 09:25:59 2026] [::1]:63273 Closing
[Mon Oct  5 09:25:59 2026] [::1]:63274 Accepted
[Mon Oct  5 09:25:59 2026] [::1]:63274 [302]: POST /login.php
[Mon Oct  5 09:25:59 2026] [::1]:63274 Closing
[Mon Oct  5 09:25:59 2026] [::1]:63276 Accepted
[Mon Oct  5 09:25:59 2026] [::1]:63276 [403]: GET /elibrary_categories.php
[Mon Oct  5 09:25:59 2026] [::1]:63276 Closing
[Mon Oct  5 09:25:59 2026] [::1]:63277 Accepted
[Mon Oct  5 09:25:59 2026] [::1]:63277 [200]: GET /dashboard.php
[Mon Oct  5 09:25:59 2026] [::1]:63277 Closing
[Mon Oct  5 09:25:59 2026] [::1]:63279 Accepted
[Mon Oct  5 09:25:59 2026] [::1]:63279 [302]: GET /logout.php
[Mon Oct  5 09:25:59 2026] [::1]:63279 Closing
[Mon Oct  5 09:25:59 2026] [::1]:63281 Accepted
[Mon Oct  5 09:25:59 2026] [::1]:63281 [200]: GET /login.php
[Mon Oct  5 09:25:59 2026] [::1]:63281 Closing
[Mon Oct  5 09:25:59 2026] [::1]:63282 Accepted
[Mon Oct  5 09:25:59 2026] [::1]:63282 [302]: POST /login.php
[Mon Oct  5 09:25:59 2026] [::1]:63282 Closing
[Mon Oct  5 09:25:59 2026] [::1]:63284 Accepted
[Mon Oct  5 09:25:59 2026] [::1]:63284 [403]: GET /elibrary_form.php?record_id=228
[Mon Oct  5 09:25:59 2026] [::1]:63284 Closing
[Mon Oct  5 09:26:21 2026] [::1]:63288 Accepted
[Mon Oct  5 09:26:21 2026] [::1]:63288 [302]: GET /e-library_old.php
[Mon Oct  5 09:26:21 2026] [::1]:63288 Closing
[Mon Oct  5 09:26:21 2026] [::1]:63289 Accepted
[Mon Oct  5 09:26:21 2026] [::1]:63289 [200]: GET /login.php
[Mon Oct  5 09:26:21 2026] [::1]:63289 Closing
[Mon Oct  5 09:26:21 2026] [::1]:63290 Accepted
[Mon Oct  5 09:26:21 2026] [::1]:63290 [302]: POST /login.php
[Mon Oct  5 09:26:21 2026] [::1]:63290 Closing
[Mon Oct  5 09:26:21 2026] [::1]:63292 Accepted
[Mon Oct  5 09:26:21 2026] [::1]:63292 [200]: GET /e-library_old.php
[Mon Oct  5 09:26:21 2026] [::1]:63292 Closing
[Mon Oct  5 09:26:21 2026] [::1]:63294 Accepted
[Mon Oct  5 09:26:21 2026] Legislation: Choose authors and co-authors from the selected term.
[Mon Oct  5 09:26:21 2026] [::1]:63294 [200]: POST /e-library_old.php
[Mon Oct  5 09:26:21 2026] [::1]:63294 Closing
[Mon Oct  5 09:26:21 2026] [::1]:63296 Accepted
[Mon Oct  5 09:26:21 2026] Legislation: Choose committees with membership in the selected term.
[Mon Oct  5 09:26:21 2026] [::1]:63296 [200]: POST /e-library_old.php
[Mon Oct  5 09:26:21 2026] [::1]:63296 Closing
[Mon Oct  5 09:26:21 2026] [::1]:63298 Accepted
[Mon Oct  5 09:26:21 2026] Legislation: Enter a valid approval date within the selected term.
[Mon Oct  5 09:26:21 2026] [::1]:63298 [200]: POST /e-library_old.php
[Mon Oct  5 09:26:21 2026] [::1]:63298 Closing
[Mon Oct  5 09:26:21 2026] [::1]:63300 Accepted
[Mon Oct  5 09:26:21 2026] [::1]:63300 [302]: POST /e-library_old.php
[Mon Oct  5 09:26:21 2026] [::1]:63300 Closing
[Mon Oct  5 09:26:21 2026] [::1]:63302 Accepted
[Mon Oct  5 09:26:21 2026] [::1]:63302 [200]: GET /legislation.php?search=HISTORICAL-QA-48ca3359d9
[Mon Oct  5 09:26:21 2026] [::1]:63302 Closing
[Mon Oct  5 09:26:21 2026] [::1]:63304 Accepted
[Mon Oct  5 09:26:21 2026] [::1]:63304 [200]: GET /elibrary_review.php?id=319
[Mon Oct  5 09:26:21 2026] [::1]:63304 Closing
[Mon Oct  5 09:26:21 2026] [::1]:63306 Accepted
[Mon Oct  5 09:26:21 2026] [::1]:63306 [302]: POST /elibrary_review.php?id=319
[Mon Oct  5 09:26:21 2026] [::1]:63306 Closing
[Mon Oct  5 09:26:21 2026] [::1]:63308 Accepted
[Mon Oct  5 09:26:22 2026] [::1]:63308 [200]: GET /legislation.php?search=HISTORICAL-QA-48ca3359d9&term_id=44&kind=ordinance
[Mon Oct  5 09:26:22 2026] [::1]:63308 Closing
[Mon Oct  5 09:26:22 2026] [::1]:63310 Accepted
[Mon Oct  5 09:26:22 2026] [::1]:63310 [200]: GET /legislation.php?search=HISTORICAL-QA-48ca3359d9&download=pdf
[Mon Oct  5 09:26:22 2026] [::1]:63310 Closing
[Mon Oct  5 09:26:22 2026] [::1]:63312 Accepted
[Mon Oct  5 09:26:22 2026] [::1]:63312 [302]: POST /e-library_old.php?edit=319
[Mon Oct  5 09:26:22 2026] [::1]:63312 Closing
[Mon Oct  5 09:26:22 2026] [::1]:63314 Accepted
[Mon Oct  5 09:26:22 2026] [::1]:63314 [200]: GET /elibrary_review.php?id=319
[Mon Oct  5 09:26:22 2026] [::1]:63314 Closing
[Mon Oct  5 09:26:22 2026] [::1]:63316 Accepted
[Mon Oct  5 09:26:22 2026] [::1]:63316 [302]: POST /elibrary_review.php?id=319
[Mon Oct  5 09:26:22 2026] [::1]:63316 Closing
[Mon Oct  5 09:26:22 2026] [::1]:63318 Accepted
[Mon Oct  5 09:26:22 2026] Legislation: Choose an existing published ordinance or resolution. A document cannot amend itself.
[Mon Oct  5 09:26:22 2026] [::1]:63318 [200]: POST /e-library_old.php
[Mon Oct  5 09:26:22 2026] [::1]:63318 Closing
[Mon Oct  5 09:26:22 2026] [::1]:63320 Accepted
[Mon Oct  5 09:26:22 2026] [::1]:63320 [302]: POST /e-library_old.php
[Mon Oct  5 09:26:22 2026] [::1]:63320 Closing
[Mon Oct  5 09:26:22 2026] [::1]:63322 Accepted
[Mon Oct  5 09:26:22 2026] [::1]:63322 [200]: GET /legislation.php?search=HISTORICAL-QA-48ca3359d9
[Mon Oct  5 09:26:22 2026] [::1]:63322 Closing
[Mon Oct  5 09:26:22 2026] [::1]:63324 Accepted
[Mon Oct  5 09:26:22 2026] [::1]:63324 [200]: GET /elibrary_review.php?id=320
[Mon Oct  5 09:26:22 2026] [::1]:63324 Closing
[Mon Oct  5 09:26:22 2026] [::1]:63326 Accepted
[Mon Oct  5 09:26:23 2026] [::1]:63326 [302]: POST /elibrary_review.php?id=320
[Mon Oct  5 09:26:23 2026] [::1]:63326 Closing
[Mon Oct  5 09:26:23 2026] [::1]:63328 Accepted
[Mon Oct  5 09:26:23 2026] [::1]:63328 [200]: GET /legislation_detail.php?id=140
[Mon Oct  5 09:26:23 2026] [::1]:63328 Closing
[Mon Oct  5 09:26:23 2026] [::1]:63330 Accepted
[Mon Oct  5 09:26:23 2026] [::1]:63330 [200]: GET /legislation_detail.php?id=142
[Mon Oct  5 09:26:23 2026] [::1]:63330 Closing
[Mon Oct  5 09:26:23 2026] [::1]:63332 Accepted
[Mon Oct  5 09:26:23 2026] [::1]:63332 [200]: GET /legislation.php?search=HISTORICAL-QA-48ca3359d9&term_id=44&kind=resolution
[Mon Oct  5 09:26:23 2026] [::1]:63332 Closing
[Mon Oct  5 09:26:23 2026] [::1]:63334 Accepted
[Mon Oct  5 09:26:23 2026] [::1]:63334 [200]: GET /legislation.php?search=HISTORICAL-QA-48ca3359d9&download=pdf
[Mon Oct  5 09:26:23 2026] [::1]:63334 Closing
[Mon Oct  5 09:26:23 2026] [::1]:63336 Accepted
[Mon Oct  5 09:26:23 2026] [::1]:63336 [302]: POST /e-library_old.php?edit=320
[Mon Oct  5 09:26:23 2026] [::1]:63336 Closing
[Mon Oct  5 09:26:23 2026] [::1]:63338 Accepted
[Mon Oct  5 09:26:23 2026] [::1]:63338 [200]: GET /legislation_detail.php?id=140
[Mon Oct  5 09:26:23 2026] [::1]:63338 Closing
[Mon Oct  5 09:26:23 2026] [::1]:63340 Accepted
[Mon Oct  5 09:26:23 2026] [::1]:63340 [200]: GET /elibrary_review.php?id=320
[Mon Oct  5 09:26:23 2026] [::1]:63340 Closing
[Mon Oct  5 09:26:23 2026] [::1]:63342 Accepted
[Mon Oct  5 09:26:23 2026] [::1]:63342 [302]: POST /elibrary_review.php?id=320
[Mon Oct  5 09:26:23 2026] [::1]:63342 Closing
[Mon Oct  5 09:26:23 2026] [::1]:63344 Accepted
[Mon Oct  5 09:26:23 2026] [::1]:63344 [200]: GET /legislation_detail.php?id=140
[Mon Oct  5 09:26:23 2026] [::1]:63344 Closing
[Mon Oct  5 09:26:23 2026] [::1]:63346 Accepted
[Mon Oct  5 09:26:23 2026] Legislation: SQLSTATE[23000]: Integrity constraint violation: 1062 Duplicate entry '44-resolution-HISTORICAL-QA-48ca3359d9' for key 'historical_number_term'
[Mon Oct  5 09:26:23 2026] [::1]:63346 [200]: POST /e-library_old.php
[Mon Oct  5 09:26:23 2026] [::1]:63346 Closing
[Mon Oct  5 09:26:23 2026] [::1]:63348 Accepted
[Mon Oct  5 09:26:23 2026] [::1]:63348 [302]: GET /logout.php
[Mon Oct  5 09:26:23 2026] [::1]:63348 Closing
[Mon Oct  5 09:26:23 2026] [::1]:63350 Accepted
[Mon Oct  5 09:26:23 2026] [::1]:63350 [200]: GET /login.php
[Mon Oct  5 09:26:23 2026] [::1]:63350 Closing
[Mon Oct  5 09:26:23 2026] [::1]:63351 Accepted
[Mon Oct  5 09:26:23 2026] [::1]:63351 [302]: POST /login.php
[Mon Oct  5 09:26:23 2026] [::1]:63351 Closing
[Mon Oct  5 09:26:23 2026] [::1]:63353 Accepted
[Mon Oct  5 09:26:23 2026] [::1]:63353 [403]: GET /e-library_old.php
[Mon Oct  5 09:26:23 2026] [::1]:63353 Closing
[Mon Oct  5 09:26:24 2026] [::1]:63355 Accepted
[Mon Oct  5 09:26:24 2026] [::1]:63355 [200]: GET /login.php
[Mon Oct  5 09:26:24 2026] [::1]:63355 Closing
[Mon Oct  5 09:26:24 2026] [::1]:63356 Accepted
[Mon Oct  5 09:26:24 2026] [::1]:63356 [302]: POST /login.php
[Mon Oct  5 09:26:24 2026] [::1]:63356 Closing
[Mon Oct  5 09:26:24 2026] [::1]:63358 Accepted
[Mon Oct  5 09:26:24 2026] [::1]:63358 [200]: GET /dashboard.php
[Mon Oct  5 09:26:24 2026] [::1]:63358 Closing
[Mon Oct  5 09:26:24 2026] [::1]:63360 Accepted
[Mon Oct  5 09:26:24 2026] [::1]:63360 [200]: GET /terms.php
[Mon Oct  5 09:26:24 2026] [::1]:63360 Closing
[Mon Oct  5 09:26:24 2026] [::1]:63362 Accepted
[Mon Oct  5 09:26:24 2026] [::1]:63362 [403]: POST /terms.php
[Mon Oct  5 09:26:24 2026] [::1]:63362 Closing
[Mon Oct  5 09:26:24 2026] [::1]:63364 Accepted
[Mon Oct  5 09:26:24 2026] [::1]:63364 [200]: GET /elibrary_form.php?record_id=229&kind=ordinance
[Mon Oct  5 09:26:24 2026] [::1]:63364 Closing
[Mon Oct  5 09:26:24 2026] [::1]:63366 Accepted
[Mon Oct  5 09:26:24 2026] [::1]:63366 [200]: GET /elibrary_categories.php
[Mon Oct  5 09:26:24 2026] [::1]:63366 Closing
[Mon Oct  5 09:26:24 2026] [::1]:63368 Accepted
[Mon Oct  5 09:26:24 2026] E-Library save: Please select a saved category for this legislation type.
[Mon Oct  5 09:26:24 2026] [::1]:63368 [200]: POST /elibrary_form.php?record_id=229&kind=ordinance
[Mon Oct  5 09:26:24 2026] [::1]:63368 Closing
[Mon Oct  5 09:26:24 2026] [::1]:63370 Accepted
[Mon Oct  5 09:26:24 2026] [::1]:63370 [302]: POST /elibrary_form.php?record_id=229&kind=ordinance
[Mon Oct  5 09:26:24 2026] [::1]:63370 Closing
[Mon Oct  5 09:26:24 2026] [::1]:63372 Accepted
[Mon Oct  5 09:26:24 2026] [::1]:63372 [200]: GET /elibrary_review.php?id=322
[Mon Oct  5 09:26:24 2026] [::1]:63372 Closing
[Mon Oct  5 09:26:24 2026] [::1]:63374 Accepted
[Mon Oct  5 09:26:24 2026] [::1]:63374 [302]: POST /elibrary_review.php?id=322
[Mon Oct  5 09:26:24 2026] [::1]:63374 Closing
[Mon Oct  5 09:26:24 2026] [::1]:63376 Accepted
[Mon Oct  5 09:26:24 2026] [::1]:63376 [404]: GET /legislation_file.php?id=144
[Mon Oct  5 09:26:24 2026] [::1]:63376 Closing
[Mon Oct  5 09:26:24 2026] [::1]:63378 Accepted
[Mon Oct  5 09:26:24 2026] [::1]:63378 [200]: GET /legislation_detail.php?id=144
[Mon Oct  5 09:26:24 2026] [::1]:63378 Closing
[Mon Oct  5 09:26:24 2026] [::1]:63380 Accepted
[Mon Oct  5 09:26:24 2026] [::1]:63380 [200]: GET /legislation.php?search=ELIBRARY-TEST-4670557a60fd-O
[Mon Oct  5 09:26:24 2026] [::1]:63380 Closing
[Mon Oct  5 09:26:24 2026] [::1]:63382 Accepted
[Mon Oct  5 09:26:24 2026] PHP Notice:  PHP Request Startup: file created in the system's temporary directory in Unknown on line 0
[Mon Oct  5 09:26:24 2026] E-Library save: Only PDF, JPEG, and PNG files are allowed.
[Mon Oct  5 09:26:24 2026] [::1]:63382 [200]: POST /elibrary_form.php?record_id=229&kind=ordinance
[Mon Oct  5 09:26:24 2026] [::1]:63382 Closing
[Mon Oct  5 09:26:24 2026] [::1]:63384 Accepted
[Mon Oct  5 09:26:24 2026] PHP Notice:  PHP Request Startup: file created in the system's temporary directory in Unknown on line 0
[Mon Oct  5 09:26:24 2026] [::1]:63384 [302]: POST /elibrary_form.php?record_id=229&kind=ordinance
[Mon Oct  5 09:26:24 2026] [::1]:63384 Closing
[Mon Oct  5 09:26:24 2026] [::1]:63386 Accepted
[Mon Oct  5 09:26:24 2026] [::1]:63386 [200]: GET /legislation.php?search=ELIBRARY-TEST-4670557a60fd
[Mon Oct  5 09:26:24 2026] [::1]:63386 Closing
[Mon Oct  5 09:26:24 2026] [::1]:63388 Accepted
[Mon Oct  5 09:26:24 2026] [::1]:63388 [302]: GET /legislation_file.php?draft=1&id=323
[Mon Oct  5 09:26:24 2026] [::1]:63388 Closing
[Mon Oct  5 09:26:24 2026] [::1]:63389 Accepted
[Mon Oct  5 09:26:24 2026] [::1]:63389 [404]: GET /legislation_file.php?id=323
[Mon Oct  5 09:26:24 2026] [::1]:63389 Closing
[Mon Oct  5 09:26:24 2026] [::1]:63391 Accepted
[Mon Oct  5 09:26:24 2026] [::1]:63391 [200]: GET /elibrary_review.php?id=323
[Mon Oct  5 09:26:24 2026] [::1]:63391 Closing
[Mon Oct  5 09:26:24 2026] [::1]:63393 Accepted
[Mon Oct  5 09:26:24 2026] E-Library post: The draft changed. Review the latest details before posting.
[Mon Oct  5 09:26:24 2026] [::1]:63393 [200]: POST /elibrary_review.php?id=323
[Mon Oct  5 09:26:24 2026] [::1]:63393 Closing
[Mon Oct  5 09:26:24 2026] [::1]:63395 Accepted
[Mon Oct  5 09:26:24 2026] [::1]:63395 [302]: POST /elibrary_review.php?id=323
[Mon Oct  5 09:26:24 2026] [::1]:63395 Closing
[Mon Oct  5 09:26:24 2026] [::1]:63397 Accepted
[Mon Oct  5 09:26:24 2026] [::1]:63397 [200]: GET /legislation.php?search=ELIBRARY-TEST-4670557a60fd+transport
[Mon Oct  5 09:26:24 2026] [::1]:63397 Closing
[Mon Oct  5 09:26:24 2026] [::1]:63399 Accepted
[Mon Oct  5 09:26:24 2026] [::1]:63399 [200]: GET /legislation_file.php?id=145
[Mon Oct  5 09:26:24 2026] [::1]:63399 Closing
[Mon Oct  5 09:26:24 2026] [::1]:63401 Accepted
[Mon Oct  5 09:26:24 2026] [::1]:63401 [200]: GET /legislation_detail.php?id=145
[Mon Oct  5 09:26:24 2026] [::1]:63401 Closing
[Mon Oct  5 09:26:24 2026] [::1]:63403 Accepted
[Mon Oct  5 09:26:24 2026] [::1]:63403 [200]: GET /elibrary_form.php?record_id=229&kind=ordinance
[Mon Oct  5 09:26:25 2026] [::1]:63403 Closing
[Mon Oct  5 09:26:25 2026] [::1]:63405 Accepted
[Mon Oct  5 09:26:25 2026] [::1]:63405 [302]: POST /elibrary_form.php?record_id=229&kind=ordinance
[Mon Oct  5 09:26:25 2026] [::1]:63405 Closing
[Mon Oct  5 09:26:25 2026] [::1]:63407 Accepted
[Mon Oct  5 09:26:25 2026] [::1]:63407 [200]: GET /elibrary_review.php?id=323
[Mon Oct  5 09:26:25 2026] [::1]:63407 Closing
[Mon Oct  5 09:26:25 2026] [::1]:63409 Accepted
[Mon Oct  5 09:26:25 2026] [::1]:63409 [302]: POST /elibrary_review.php?id=323
[Mon Oct  5 09:26:25 2026] [::1]:63409 Closing
[Mon Oct  5 09:26:25 2026] [::1]:63411 Accepted
[Mon Oct  5 09:26:25 2026] [::1]:63411 [200]: GET /elibrary_form.php?record_id=229&kind=resolution
[Mon Oct  5 09:26:25 2026] [::1]:63411 Closing
[Mon Oct  5 09:26:25 2026] [::1]:63413 Accepted
[Mon Oct  5 09:26:25 2026] [::1]:63413 [200]: GET /elibrary_categories.php
[Mon Oct  5 09:26:25 2026] [::1]:63413 Closing
[Mon Oct  5 09:26:25 2026] [::1]:63415 Accepted
[Mon Oct  5 09:26:25 2026] E-Library save: Please select a saved category for this legislation type.
[Mon Oct  5 09:26:25 2026] [::1]:63415 [200]: POST /elibrary_form.php?record_id=229&kind=resolution
[Mon Oct  5 09:26:25 2026] [::1]:63415 Closing
[Mon Oct  5 09:26:25 2026] [::1]:63417 Accepted
[Mon Oct  5 09:26:25 2026] [::1]:63417 [302]: POST /elibrary_form.php?record_id=229&kind=resolution
[Mon Oct  5 09:26:25 2026] [::1]:63417 Closing
[Mon Oct  5 09:26:25 2026] [::1]:63419 Accepted
[Mon Oct  5 09:26:25 2026] [::1]:63419 [200]: GET /elibrary_review.php?id=324
[Mon Oct  5 09:26:25 2026] [::1]:63419 Closing
[Mon Oct  5 09:26:25 2026] [::1]:63421 Accepted
[Mon Oct  5 09:26:25 2026] [::1]:63421 [302]: POST /elibrary_review.php?id=324
[Mon Oct  5 09:26:25 2026] [::1]:63421 Closing
[Mon Oct  5 09:26:25 2026] [::1]:63423 Accepted
[Mon Oct  5 09:26:25 2026] [::1]:63423 [404]: GET /legislation_file.php?id=147
[Mon Oct  5 09:26:25 2026] [::1]:63423 Closing
[Mon Oct  5 09:26:25 2026] [::1]:63425 Accepted
[Mon Oct  5 09:26:25 2026] [::1]:63425 [200]: GET /legislation_detail.php?id=147
[Mon Oct  5 09:26:25 2026] [::1]:63425 Closing
[Mon Oct  5 09:26:25 2026] [::1]:63427 Accepted
[Mon Oct  5 09:26:25 2026] [::1]:63427 [200]: GET /legislation.php?search=ELIBRARY-TEST-4670557a60fd-R
[Mon Oct  5 09:26:25 2026] [::1]:63427 Closing
[Mon Oct  5 09:26:25 2026] [::1]:63429 Accepted
[Mon Oct  5 09:26:25 2026] PHP Notice:  PHP Request Startup: file created in the system's temporary directory in Unknown on line 0
[Mon Oct  5 09:26:25 2026] E-Library save: Only PDF, JPEG, and PNG files are allowed.
[Mon Oct  5 09:26:25 2026] [::1]:63429 [200]: POST /elibrary_form.php?record_id=229&kind=resolution
[Mon Oct  5 09:26:25 2026] [::1]:63429 Closing
[Mon Oct  5 09:26:25 2026] [::1]:63431 Accepted
[Mon Oct  5 09:26:25 2026] PHP Notice:  PHP Request Startup: file created in the system's temporary directory in Unknown on line 0
[Mon Oct  5 09:26:25 2026] [::1]:63431 [302]: POST /elibrary_form.php?record_id=229&kind=resolution
[Mon Oct  5 09:26:25 2026] [::1]:63431 Closing
[Mon Oct  5 09:26:25 2026] [::1]:63433 Accepted
[Mon Oct  5 09:26:25 2026] [::1]:63433 [200]: GET /legislation.php?search=ELIBRARY-TEST-4670557a60fd
[Mon Oct  5 09:26:25 2026] [::1]:63433 Closing
[Mon Oct  5 09:26:25 2026] [::1]:63435 Accepted
[Mon Oct  5 09:26:25 2026] [::1]:63435 [302]: GET /legislation_file.php?draft=1&id=325
[Mon Oct  5 09:26:25 2026] [::1]:63435 Closing
[Mon Oct  5 09:26:25 2026] [::1]:63436 Accepted
[Mon Oct  5 09:26:25 2026] [::1]:63436 [404]: GET /legislation_file.php?id=325
[Mon Oct  5 09:26:25 2026] [::1]:63436 Closing
[Mon Oct  5 09:26:25 2026] [::1]:63438 Accepted
[Mon Oct  5 09:26:25 2026] [::1]:63438 [200]: GET /elibrary_review.php?id=325
[Mon Oct  5 09:26:25 2026] [::1]:63438 Closing
[Mon Oct  5 09:26:25 2026] [::1]:63440 Accepted
[Mon Oct  5 09:26:25 2026] E-Library post: The draft changed. Review the latest details before posting.
[Mon Oct  5 09:26:25 2026] [::1]:63440 [200]: POST /elibrary_review.php?id=325
[Mon Oct  5 09:26:25 2026] [::1]:63440 Closing
[Mon Oct  5 09:26:25 2026] [::1]:63442 Accepted
[Mon Oct  5 09:26:25 2026] [::1]:63442 [302]: POST /elibrary_review.php?id=325
[Mon Oct  5 09:26:25 2026] [::1]:63442 Closing
[Mon Oct  5 09:26:25 2026] [::1]:63444 Accepted
[Mon Oct  5 09:26:25 2026] [::1]:63444 [200]: GET /legislation.php?search=ELIBRARY-TEST-4670557a60fd+transport
[Mon Oct  5 09:26:25 2026] [::1]:63444 Closing
[Mon Oct  5 09:26:25 2026] [::1]:63446 Accepted
[Mon Oct  5 09:26:25 2026] [::1]:63446 [200]: GET /legislation_detail.php?id=145
[Mon Oct  5 09:26:25 2026] [::1]:63446 Closing
[Mon Oct  5 09:26:25 2026] [::1]:63448 Accepted
[Mon Oct  5 09:26:25 2026] [::1]:63448 [200]: GET /legislation_file.php?id=148
[Mon Oct  5 09:26:25 2026] [::1]:63448 Closing
[Mon Oct  5 09:26:25 2026] [::1]:63450 Accepted
[Mon Oct  5 09:26:25 2026] [::1]:63450 [200]: GET /legislation_detail.php?id=148
[Mon Oct  5 09:26:25 2026] [::1]:63450 Closing
[Mon Oct  5 09:26:25 2026] [::1]:63452 Accepted
[Mon Oct  5 09:26:25 2026] [::1]:63452 [200]: GET /elibrary_form.php?record_id=229&kind=resolution
[Mon Oct  5 09:26:25 2026] [::1]:63452 Closing
[Mon Oct  5 09:26:25 2026] [::1]:63454 Accepted
[Mon Oct  5 09:26:25 2026] [::1]:63454 [302]: POST /elibrary_form.php?record_id=229&kind=resolution
[Mon Oct  5 09:26:25 2026] [::1]:63454 Closing
[Mon Oct  5 09:26:25 2026] [::1]:63456 Accepted
[Mon Oct  5 09:26:25 2026] [::1]:63456 [200]: GET /elibrary_review.php?id=325
[Mon Oct  5 09:26:25 2026] [::1]:63456 Closing
[Mon Oct  5 09:26:25 2026] [::1]:63459 Accepted
[Mon Oct  5 09:26:25 2026] [::1]:63459 [302]: POST /elibrary_review.php?id=325
[Mon Oct  5 09:26:25 2026] [::1]:63459 Closing
[Mon Oct  5 09:26:25 2026] [::1]:63461 Accepted
[Mon Oct  5 09:26:26 2026] [::1]:63461 [200]: GET /legislation.php?search=ELIBRARY-TEST-4670557a60fd+Updated+Category
[Mon Oct  5 09:26:26 2026] [::1]:63461 Closing
[Mon Oct  5 09:26:26 2026] [::1]:63463 Accepted
[Mon Oct  5 09:26:26 2026] [::1]:63463 [200]: GET /legislation.php?search=ELIBRARY-TEST-4670557a60fd&kind=resolution&category=ELIBRARY-TEST-4670557a60fd+Updated+Category&author=Test+Author
[Mon Oct  5 09:26:26 2026] [::1]:63463 Closing
[Mon Oct  5 09:26:26 2026] [::1]:63465 Accepted
[Mon Oct  5 09:26:26 2026] [::1]:63465 [200]: GET /legislation.php?search=ELIBRARY-TEST-4670557a60fd&author=No+Matching+Author
[Mon Oct  5 09:26:26 2026] [::1]:63465 Closing
[Mon Oct  5 09:26:26 2026] [::1]:63467 Accepted
[Mon Oct  5 09:26:26 2026] [::1]:63467 [200]: GET /legislation.php?search=ELIBRARY-TEST-4670557a60fd&kind=resolution&download=pdf
[Mon Oct  5 09:26:26 2026] [::1]:63467 Closing
[Mon Oct  5 09:26:26 2026] [::1]:63469 Accepted
[Mon Oct  5 09:26:26 2026] [::1]:63469 [200]: GET /legislation.php?search=ELIBRARY-TEST-4670557a60fd&co_author=No+Matching+Co-Author
[Mon Oct  5 09:26:26 2026] [::1]:63469 Closing
[Mon Oct  5 09:26:26 2026] [::1]:63471 Accepted
[Mon Oct  5 09:26:26 2026] [::1]:63471 [400]: GET /elibrary_form.php?record_id=229&kind=invalid
[Mon Oct  5 09:26:26 2026] [::1]:63471 Closing
[Mon Oct  5 09:26:26 2026] [::1]:63473 Accepted
[Mon Oct  5 09:26:26 2026] [::1]:63473 [419]: POST /elibrary_form.php?record_id=229
[Mon Oct  5 09:26:26 2026] [::1]:63473 Closing
[Mon Oct  5 09:26:26 2026] [::1]:63475 Accepted
[Mon Oct  5 09:26:26 2026] [::1]:63475 [404]: GET /elibrary_form.php?record_id=229
[Mon Oct  5 09:26:26 2026] [::1]:63475 Closing
[Mon Oct  5 09:26:26 2026] [::1]:63477 Accepted
[Mon Oct  5 09:26:26 2026] [::1]:63477 [302]: GET /logout.php
[Mon Oct  5 09:26:26 2026] [::1]:63477 Closing
[Mon Oct  5 09:26:26 2026] [::1]:63479 Accepted
[Mon Oct  5 09:26:26 2026] [::1]:63479 [200]: GET /login.php
[Mon Oct  5 09:26:26 2026] [::1]:63479 Closing
[Mon Oct  5 09:26:26 2026] [::1]:63480 Accepted
[Mon Oct  5 09:26:26 2026] [::1]:63480 [302]: POST /login.php
[Mon Oct  5 09:26:26 2026] [::1]:63480 Closing
[Mon Oct  5 09:26:26 2026] [::1]:63482 Accepted
[Mon Oct  5 09:26:26 2026] [::1]:63482 [200]: GET /elibrary_categories.php
[Mon Oct  5 09:26:26 2026] [::1]:63482 Closing
[Mon Oct  5 09:26:26 2026] [::1]:63484 Accepted
[Mon Oct  5 09:26:26 2026] [::1]:63484 [302]: POST /elibrary_categories.php
[Mon Oct  5 09:26:26 2026] [::1]:63484 Closing
[Mon Oct  5 09:26:26 2026] [::1]:63486 Accepted
[Mon Oct  5 09:26:26 2026] [::1]:63486 [200]: POST /elibrary_categories.php
[Mon Oct  5 09:26:26 2026] [::1]:63486 Closing
[Mon Oct  5 09:26:26 2026] [::1]:63488 Accepted
[Mon Oct  5 09:26:26 2026] [::1]:63488 [302]: GET /logout.php
[Mon Oct  5 09:26:26 2026] [::1]:63488 Closing
[Mon Oct  5 09:26:26 2026] [::1]:63490 Accepted
[Mon Oct  5 09:26:26 2026] [::1]:63490 [200]: GET /login.php
[Mon Oct  5 09:26:26 2026] [::1]:63490 Closing
[Mon Oct  5 09:26:26 2026] [::1]:63491 Accepted
[Mon Oct  5 09:26:26 2026] [::1]:63491 [302]: POST /login.php
[Mon Oct  5 09:26:26 2026] [::1]:63491 Closing
[Mon Oct  5 09:26:26 2026] [::1]:63493 Accepted
[Mon Oct  5 09:26:27 2026] [::1]:63493 [200]: GET /elibrary_categories.php
[Mon Oct  5 09:26:27 2026] [::1]:63493 Closing
[Mon Oct  5 09:26:27 2026] [::1]:63495 Accepted
[Mon Oct  5 09:26:27 2026] [::1]:63495 [200]: GET /dashboard.php
[Mon Oct  5 09:26:27 2026] [::1]:63495 Closing
[Mon Oct  5 09:26:27 2026] [::1]:63497 Accepted
[Mon Oct  5 09:26:27 2026] [::1]:63497 [302]: GET /logout.php
[Mon Oct  5 09:26:27 2026] [::1]:63497 Closing
[Mon Oct  5 09:26:27 2026] [::1]:63499 Accepted
[Mon Oct  5 09:26:27 2026] [::1]:63499 [200]: GET /login.php
[Mon Oct  5 09:26:27 2026] [::1]:63499 Closing
[Mon Oct  5 09:26:27 2026] [::1]:63500 Accepted
[Mon Oct  5 09:26:27 2026] [::1]:63500 [302]: POST /login.php
[Mon Oct  5 09:26:27 2026] [::1]:63500 Closing
[Mon Oct  5 09:26:27 2026] [::1]:57372 Accepted
[Mon Oct  5 09:26:27 2026] [::1]:57372 [200]: GET /elibrary_categories.php
[Mon Oct  5 09:26:27 2026] [::1]:57372 Closing
[Mon Oct  5 09:26:27 2026] [::1]:57374 Accepted
[Mon Oct  5 09:26:27 2026] [::1]:57374 [200]: GET /dashboard.php
[Mon Oct  5 09:26:27 2026] [::1]:57374 Closing
[Mon Oct  5 09:26:27 2026] [::1]:57376 Accepted
[Mon Oct  5 09:26:27 2026] [::1]:57376 [302]: GET /logout.php
[Mon Oct  5 09:26:27 2026] [::1]:57376 Closing
[Mon Oct  5 09:26:27 2026] [::1]:57378 Accepted
[Mon Oct  5 09:26:27 2026] [::1]:57378 [200]: GET /login.php
[Mon Oct  5 09:26:27 2026] [::1]:57378 Closing
[Mon Oct  5 09:26:27 2026] [::1]:57379 Accepted
[Mon Oct  5 09:26:27 2026] [::1]:57379 [302]: POST /login.php
[Mon Oct  5 09:26:27 2026] [::1]:57379 Closing
[Mon Oct  5 09:26:27 2026] [::1]:57381 Accepted
[Mon Oct  5 09:26:27 2026] [::1]:57381 [403]: GET /elibrary_categories.php
[Mon Oct  5 09:26:27 2026] [::1]:57381 Closing
[Mon Oct  5 09:26:27 2026] [::1]:57382 Accepted
[Mon Oct  5 09:26:27 2026] [::1]:57382 [200]: GET /dashboard.php
[Mon Oct  5 09:26:27 2026] [::1]:57382 Closing
[Mon Oct  5 09:26:27 2026] [::1]:57384 Accepted
[Mon Oct  5 09:26:27 2026] [::1]:57384 [302]: GET /logout.php
[Mon Oct  5 09:26:27 2026] [::1]:57384 Closing
[Mon Oct  5 09:26:27 2026] [::1]:57386 Accepted
[Mon Oct  5 09:26:27 2026] [::1]:57386 [200]: GET /login.php
[Mon Oct  5 09:26:27 2026] [::1]:57386 Closing
[Mon Oct  5 09:26:27 2026] [::1]:57387 Accepted
[Mon Oct  5 09:26:27 2026] [::1]:57387 [302]: POST /login.php
[Mon Oct  5 09:26:27 2026] [::1]:57387 Closing
[Mon Oct  5 09:26:27 2026] [::1]:57389 Accepted
[Mon Oct  5 09:26:27 2026] [::1]:57389 [403]: GET /elibrary_form.php?record_id=229
[Mon Oct  5 09:26:27 2026] [::1]:57389 Closing
[Mon Oct  5 09:26:39 2026] [::1]:49283 Accepted
[Mon Oct  5 09:26:39 2026] [::1]:51111 Accepted
[Mon Oct  5 09:26:39 2026] [::1]:49283 [200]: GET /legislation.php
[Mon Oct  5 09:26:39 2026] [::1]:49283 Closing
[Mon Oct  5 09:26:39 2026] [::1]:51111 [200]: GET /assets/scroll-position.js?v=1791083171
[Mon Oct  5 09:26:39 2026] [::1]:51111 Closing
[Mon Oct  5 09:26:39 2026] [::1]:55866 Accepted
[Mon Oct  5 09:26:39 2026] [::1]:49946 Accepted
[Mon Oct  5 09:26:39 2026] [::1]:52851 Accepted
[Mon Oct  5 09:26:39 2026] [::1]:55866 [200]: GET /assets/styles.css?v=1791129271
[Mon Oct  5 09:26:39 2026] [::1]:49946 [200]: GET /assets/splogo.jpg
[Mon Oct  5 09:26:39 2026] [::1]:52851 [200]: GET /assets/legislation-filters.js?v=1791043197
[Mon Oct  5 09:26:39 2026] [::1]:49946 Closing
[Mon Oct  5 09:26:39 2026] [::1]:55866 Closing
[Mon Oct  5 09:26:39 2026] [::1]:52851 Closing
[Mon Oct  5 09:26:39 2026] [::1]:62537 Accepted
[Mon Oct  5 09:26:39 2026] [::1]:55966 Accepted
[Mon Oct  5 09:26:39 2026] [::1]:49703 Accepted
[Mon Oct  5 09:26:39 2026] [::1]:62537 [200]: GET /assets/table-pagination.js
[Mon Oct  5 09:26:39 2026] [::1]:55966 [200]: GET /assets/record-search-suggestions.js
[Mon Oct  5 09:26:39 2026] [::1]:49703 [200]: GET /assets/attachment-validation.js
[Mon Oct  5 09:26:39 2026] [::1]:62537 Closing
[Mon Oct  5 09:26:39 2026] [::1]:55966 Closing
[Mon Oct  5 09:26:39 2026] [::1]:49703 Closing
[Mon Oct  5 09:26:39 2026] [::1]:64534 Accepted
[Mon Oct  5 09:26:39 2026] [::1]:64534 [200]: GET /assets/system-windows.js?v=1791129283
[Mon Oct  5 09:26:39 2026] [::1]:64534 Closing
[Mon Oct  5 09:26:39 2026] [::1]:60245 Accepted
[Mon Oct  5 09:26:39 2026] [::1]:60245 [200]: GET /assets/legislation-background.png
[Mon Oct  5 09:26:39 2026] [::1]:60245 Closing
[Mon Oct  5 09:26:45 2026] [::1]:56216 Accepted
[Mon Oct  5 09:26:46 2026] [::1]:63201 Accepted
[Mon Oct  5 09:26:46 2026] [::1]:56216 [200]: GET /elibrary.php
[Mon Oct  5 09:26:46 2026] [::1]:56216 Closing
[Mon Oct  5 09:26:46 2026] [::1]:50123 Accepted
[Mon Oct  5 09:26:46 2026] [::1]:63201 [200]: GET /assets/scroll-position.js?v=1791083171
[Mon Oct  5 09:26:46 2026] [::1]:54930 Accepted
[Mon Oct  5 09:26:46 2026] [::1]:50123 [200]: GET /assets/styles.css?v=1791129271
[Mon Oct  5 09:26:46 2026] [::1]:58599 Accepted
[Mon Oct  5 09:26:46 2026] [::1]:54930 [200]: GET /assets/splogo.jpg
[Mon Oct  5 09:26:46 2026] [::1]:58599 [200]: GET /assets/table-pagination.js
[Mon Oct  5 09:26:46 2026] [::1]:63201 Closing
[Mon Oct  5 09:26:46 2026] [::1]:50123 Closing
[Mon Oct  5 09:26:46 2026] [::1]:54930 Closing
[Mon Oct  5 09:26:46 2026] [::1]:55220 Accepted
[Mon Oct  5 09:26:46 2026] [::1]:58599 Closing
[Mon Oct  5 09:26:46 2026] [::1]:57708 Accepted
[Mon Oct  5 09:26:46 2026] [::1]:53080 Accepted
[Mon Oct  5 09:26:46 2026] [::1]:55220 [200]: GET /assets/record-search-suggestions.js
[Mon Oct  5 09:26:46 2026] [::1]:57708 [200]: GET /assets/attachment-validation.js
[Mon Oct  5 09:26:46 2026] [::1]:53080 [200]: GET /assets/system-windows.js?v=1791129283
[Mon Oct  5 09:26:46 2026] [::1]:55220 Closing
[Mon Oct  5 09:26:46 2026] [::1]:57708 Closing
[Mon Oct  5 09:26:46 2026] [::1]:53080 Closing
[Mon Oct  5 09:26:49 2026] [::1]:65067 Accepted
[Mon Oct  5 09:26:50 2026] [::1]:62738 Accepted
[Mon Oct  5 09:26:50 2026] [::1]:65067 [200]: GET /elibrary_form.php?record_id=152&kind=resolution
[Mon Oct  5 09:26:50 2026] [::1]:65067 Closing
[Mon Oct  5 09:26:50 2026] [::1]:65228 Accepted
[Mon Oct  5 09:26:50 2026] [::1]:56687 Accepted
[Mon Oct  5 09:26:50 2026] [::1]:62738 [200]: GET /assets/scroll-position.js?v=1791083171
[Mon Oct  5 09:26:50 2026] [::1]:65228 [200]: GET /assets/styles.css?v=1791129271
[Mon Oct  5 09:26:50 2026] [::1]:62350 Accepted
[Mon Oct  5 09:26:50 2026] [::1]:56687 [200]: GET /assets/splogo.jpg
[Mon Oct  5 09:26:50 2026] [::1]:62350 [200]: GET /assets/table-pagination.js
[Mon Oct  5 09:26:50 2026] [::1]:62738 Closing
[Mon Oct  5 09:26:50 2026] [::1]:65228 Closing
[Mon Oct  5 09:26:50 2026] [::1]:56687 Closing
[Mon Oct  5 09:26:50 2026] [::1]:62350 Closing
[Mon Oct  5 09:26:50 2026] [::1]:51495 Accepted
[Mon Oct  5 09:26:50 2026] [::1]:51495 [200]: GET /assets/record-search-suggestions.js
[Mon Oct  5 09:26:50 2026] [::1]:64613 Accepted
[Mon Oct  5 09:26:50 2026] [::1]:54972 Accepted
[Mon Oct  5 09:26:50 2026] [::1]:64613 [200]: GET /assets/system-windows.js?v=1791129283
[Mon Oct  5 09:26:50 2026] [::1]:54972 [200]: GET /assets/attachment-validation.js
[Mon Oct  5 09:26:50 2026] [::1]:51495 Closing
[Mon Oct  5 09:26:50 2026] [::1]:64613 Closing
[Mon Oct  5 09:26:50 2026] [::1]:54972 Closing
[Mon Oct  5 09:28:29 2026] [::1]:60735 Accepted
[Mon Oct  5 09:28:29 2026] [::1]:55463 Accepted
[Mon Oct  5 09:28:29 2026] [::1]:60735 [302]: POST /elibrary_form.php?record_id=152&kind=resolution
[Mon Oct  5 09:28:29 2026] [::1]:60735 Closing
[Mon Oct  5 09:28:29 2026] [::1]:55463 [200]: GET /elibrary_review.php?id=311
[Mon Oct  5 09:28:29 2026] [::1]:55463 Closing
[Mon Oct  5 09:28:29 2026] [::1]:54949 Accepted
[Mon Oct  5 09:28:29 2026] [::1]:54949 [200]: GET /assets/scroll-position.js?v=1791083171
[Mon Oct  5 09:28:29 2026] [::1]:64682 Accepted
[Mon Oct  5 09:28:29 2026] [::1]:60263 Accepted
[Mon Oct  5 09:28:29 2026] [::1]:60583 Accepted
[Mon Oct  5 09:28:29 2026] [::1]:64682 [200]: GET /assets/styles.css?v=1791129271
[Mon Oct  5 09:28:29 2026] [::1]:60263 [200]: GET /assets/splogo.jpg
[Mon Oct  5 09:28:29 2026] [::1]:54949 Closing
[Mon Oct  5 09:28:29 2026] [::1]:50781 Accepted
[Mon Oct  5 09:28:29 2026] [::1]:60583 [200]: GET /assets/table-pagination.js
[Mon Oct  5 09:28:29 2026] [::1]:64912 Accepted
[Mon Oct  5 09:28:29 2026] [::1]:50781 [200]: GET /assets/record-search-suggestions.js
[Mon Oct  5 09:28:29 2026] [::1]:60288 Accepted
[Mon Oct  5 09:28:29 2026] [::1]:64912 [200]: GET /assets/attachment-validation.js
[Mon Oct  5 09:28:29 2026] [::1]:60263 Closing
[Mon Oct  5 09:28:29 2026] [::1]:60288 [200]: GET /assets/system-windows.js?v=1791129283
[Mon Oct  5 09:28:29 2026] [::1]:64682 Closing
[Mon Oct  5 09:28:29 2026] [::1]:60583 Closing
[Mon Oct  5 09:28:29 2026] [::1]:50781 Closing
[Mon Oct  5 09:28:29 2026] [::1]:64912 Closing
[Mon Oct  5 09:28:29 2026] [::1]:60288 Closing
[Mon Oct  5 09:28:32 2026] [::1]:52526 Accepted
[Mon Oct  5 09:28:32 2026] [::1]:57626 Accepted
[Mon Oct  5 09:28:32 2026] [::1]:52526 [302]: POST /elibrary_review.php?id=311
[Mon Oct  5 09:28:32 2026] [::1]:52526 Closing
[Mon Oct  5 09:28:32 2026] [::1]:57626 [200]: GET /legislation.php?search=15823-2026
[Mon Oct  5 09:28:32 2026] [::1]:57626 Closing
[Mon Oct  5 09:28:32 2026] [::1]:63728 Accepted
[Mon Oct  5 09:28:32 2026] [::1]:61184 Accepted
[Mon Oct  5 09:28:32 2026] [::1]:63728 [200]: GET /assets/legislation-filters.js?v=1791043197
[Mon Oct  5 09:28:32 2026] [::1]:52343 Accepted
[Mon Oct  5 09:28:32 2026] [::1]:61184 [200]: GET /assets/splogo.jpg
[Mon Oct  5 09:28:32 2026] [::1]:50302 Accepted
[Mon Oct  5 09:28:32 2026] [::1]:52343 [200]: GET /assets/scroll-position.js?v=1791083171
[Mon Oct  5 09:28:32 2026] [::1]:50302 [200]: GET /assets/styles.css?v=1791129271
[Mon Oct  5 09:28:32 2026] [::1]:63728 Closing
[Mon Oct  5 09:28:32 2026] [::1]:61184 Closing
[Mon Oct  5 09:28:32 2026] [::1]:52343 Closing
[Mon Oct  5 09:28:32 2026] [::1]:50302 Closing
[Mon Oct  5 09:28:32 2026] [::1]:53940 Accepted
[Mon Oct  5 09:28:32 2026] [::1]:53940 [200]: GET /assets/table-pagination.js
[Mon Oct  5 09:28:32 2026] [::1]:53940 Closing
[Mon Oct  5 09:28:32 2026] [::1]:51464 Accepted
[Mon Oct  5 09:28:32 2026] [::1]:51464 [200]: GET /assets/record-search-suggestions.js
[Mon Oct  5 09:28:32 2026] [::1]:51464 Closing
[Mon Oct  5 09:28:32 2026] [::1]:63449 Accepted
[Mon Oct  5 09:28:32 2026] [::1]:63776 Accepted
[Mon Oct  5 09:28:32 2026] [::1]:63449 [200]: GET /assets/attachment-validation.js
[Mon Oct  5 09:28:32 2026] [::1]:63776 [200]: GET /assets/system-windows.js?v=1791129283
[Mon Oct  5 09:28:32 2026] [::1]:63449 Closing
[Mon Oct  5 09:28:32 2026] [::1]:63776 Closing
[Mon Oct  5 09:28:32 2026] [::1]:53266 Accepted
[Mon Oct  5 09:28:32 2026] [::1]:53266 [200]: GET /assets/legislation-background.png
[Mon Oct  5 09:28:32 2026] [::1]:53266 Closing
[Mon Oct  5 09:28:34 2026] [::1]:62074 Accepted
[Mon Oct  5 09:28:34 2026] [::1]:62074 [200]: GET /legislation_detail.php?id=129&popup=1
[Mon Oct  5 09:28:34 2026] [::1]:62074 Closing
[Mon Oct  5 09:28:34 2026] [::1]:55165 Accepted
[Mon Oct  5 09:28:34 2026] [::1]:53641 Accepted
[Mon Oct  5 09:28:34 2026] [::1]:55165 [200]: GET /assets/styles.css?v=1791129271
[Mon Oct  5 09:28:34 2026] [::1]:62181 Accepted
[Mon Oct  5 09:28:34 2026] [::1]:53641 [200]: GET /assets/scroll-position.js?v=1791083171
[Mon Oct  5 09:28:34 2026] [::1]:59152 Accepted
[Mon Oct  5 09:28:34 2026] [::1]:62181 [200]: GET /assets/splogo.jpg
[Mon Oct  5 09:28:34 2026] [::1]:59152 [200]: GET /assets/table-pagination.js
[Mon Oct  5 09:28:34 2026] [::1]:55165 Closing
[Mon Oct  5 09:28:34 2026] [::1]:53641 Closing
[Mon Oct  5 09:28:34 2026] [::1]:62181 Closing
[Mon Oct  5 09:28:34 2026] [::1]:59152 Closing
[Mon Oct  5 09:28:34 2026] [::1]:62718 Accepted
[Mon Oct  5 09:28:34 2026] [::1]:53550 Accepted
[Mon Oct  5 09:28:34 2026] [::1]:60389 Accepted
[Mon Oct  5 09:28:34 2026] [::1]:62718 [200]: GET /assets/record-search-suggestions.js
[Mon Oct  5 09:28:34 2026] [::1]:53550 [200]: GET /assets/attachment-validation.js
[Mon Oct  5 09:28:34 2026] [::1]:60389 [200]: GET /assets/system-windows.js?v=1791129283
[Mon Oct  5 09:28:34 2026] [::1]:62718 Closing
[Mon Oct  5 09:28:34 2026] [::1]:53550 Closing
[Mon Oct  5 09:28:34 2026] [::1]:60389 Closing
[Mon Oct  5 09:30:18 2026] [::1]:58111 Accepted
[Mon Oct  5 09:30:18 2026] [::1]:62737 Accepted
[Mon Oct  5 09:30:18 2026] [::1]:62737 [200]: GET /e-library_old.php
[Mon Oct  5 09:30:18 2026] [::1]:62737 Closing
[Mon Oct  5 09:30:18 2026] [::1]:56825 Accepted
[Mon Oct  5 09:30:18 2026] [::1]:54217 Accepted
[Mon Oct  5 09:30:18 2026] [::1]:58111 [200]: GET /assets/scroll-position.js?v=1791083171
[Mon Oct  5 09:30:18 2026] [::1]:56825 [200]: GET /assets/styles.css?v=1791129271
[Mon Oct  5 09:30:18 2026] [::1]:58213 Accepted
[Mon Oct  5 09:30:18 2026] [::1]:54217 [200]: GET /assets/splogo.jpg
[Mon Oct  5 09:30:18 2026] [::1]:58213 [200]: GET /assets/historical-legislation.js
[Mon Oct  5 09:30:18 2026] [::1]:58111 Closing
[Mon Oct  5 09:30:18 2026] [::1]:56825 Closing
[Mon Oct  5 09:30:18 2026] [::1]:54217 Closing
[Mon Oct  5 09:30:18 2026] [::1]:58213 Closing
[Mon Oct  5 09:30:18 2026] [::1]:56124 Accepted
[Mon Oct  5 09:30:18 2026] [::1]:56124 [200]: GET /assets/table-pagination.js
[Mon Oct  5 09:30:18 2026] [::1]:56124 Closing
[Mon Oct  5 09:30:18 2026] [::1]:50324 Accepted
[Mon Oct  5 09:30:18 2026] [::1]:56544 Accepted
[Mon Oct  5 09:30:18 2026] [::1]:50324 [200]: GET /assets/record-search-suggestions.js
[Mon Oct  5 09:30:18 2026] [::1]:56544 [200]: GET /assets/attachment-validation.js
[Mon Oct  5 09:30:18 2026] [::1]:65448 Accepted
[Mon Oct  5 09:30:18 2026] [::1]:65448 [200]: GET /assets/system-windows.js?v=1791129283
[Mon Oct  5 09:30:18 2026] [::1]:50324 Closing
[Mon Oct  5 09:30:18 2026] [::1]:56544 Closing
[Mon Oct  5 09:30:18 2026] [::1]:65448 Closing
[Mon Oct  5 09:30:25 2026] [::1]:61478 Accepted
[Mon Oct  5 09:30:25 2026] [::1]:49222 Accepted
[Mon Oct  5 09:30:25 2026] [::1]:61478 [200]: GET /elibrary_categories.php
[Mon Oct  5 09:30:25 2026] [::1]:61478 Closing
[Mon Oct  5 09:30:25 2026] [::1]:52117 Accepted
[Mon Oct  5 09:30:25 2026] [::1]:49222 [200]: GET /assets/scroll-position.js?v=1791083171
[Mon Oct  5 09:30:25 2026] [::1]:50145 Accepted
[Mon Oct  5 09:30:25 2026] [::1]:52117 [200]: GET /assets/table-pagination.js
[Mon Oct  5 09:30:25 2026] [::1]:54876 Accepted
[Mon Oct  5 09:30:25 2026] [::1]:50145 [200]: GET /assets/splogo.jpg
[Mon Oct  5 09:30:25 2026] [::1]:54876 [200]: GET /assets/styles.css?v=1791129271
[Mon Oct  5 09:30:25 2026] [::1]:49222 Closing
[Mon Oct  5 09:30:25 2026] [::1]:52117 Closing
[Mon Oct  5 09:30:25 2026] [::1]:50145 Closing
[Mon Oct  5 09:30:25 2026] [::1]:54913 Accepted
[Mon Oct  5 09:30:25 2026] [::1]:64672 Accepted
[Mon Oct  5 09:30:25 2026] [::1]:54876 Closing
[Mon Oct  5 09:30:25 2026] [::1]:51399 Accepted
[Mon Oct  5 09:30:25 2026] [::1]:54913 [200]: GET /assets/record-search-suggestions.js
[Mon Oct  5 09:30:25 2026] [::1]:64672 [200]: GET /assets/attachment-validation.js
[Mon Oct  5 09:30:25 2026] [::1]:51399 [200]: GET /assets/system-windows.js?v=1791129283
[Mon Oct  5 09:30:25 2026] [::1]:54913 Closing
[Mon Oct  5 09:30:25 2026] [::1]:64672 Closing
[Mon Oct  5 09:30:25 2026] [::1]:51399 Closing
[Mon Oct  5 09:30:28 2026] [::1]:55504 Accepted
[Mon Oct  5 09:30:28 2026] [::1]:65458 Accepted
[Mon Oct  5 09:30:28 2026] [::1]:55504 [302]: GET /logout.php
[Mon Oct  5 09:30:28 2026] [::1]:55504 Closing
[Mon Oct  5 09:30:28 2026] [::1]:65458 [200]: GET /login.php
[Mon Oct  5 09:30:28 2026] [::1]:65458 Closing
[Mon Oct  5 09:30:28 2026] [::1]:60247 Accepted
[Mon Oct  5 09:30:28 2026] [::1]:59541 Accepted
[Mon Oct  5 09:30:28 2026] [::1]:61286 Accepted
[Mon Oct  5 09:30:28 2026] [::1]:60247 [200]: GET /assets/styles.css?v=1791129271
[Mon Oct  5 09:30:28 2026] [::1]:59541 [200]: GET /assets/scroll-position.js?v=1791083171
[Mon Oct  5 09:30:28 2026] [::1]:62674 Accepted
[Mon Oct  5 09:30:28 2026] [::1]:61286 [200]: GET /assets/table-pagination.js
[Mon Oct  5 09:30:28 2026] [::1]:51089 Accepted
[Mon Oct  5 09:30:28 2026] [::1]:62674 [200]: GET /assets/system-windows.js?v=1791129283
[Mon Oct  5 09:30:28 2026] [::1]:54790 Accepted
[Mon Oct  5 09:30:28 2026] [::1]:51089 [200]: GET /assets/attachment-validation.js
[Mon Oct  5 09:30:28 2026] [::1]:59541 Closing
[Mon Oct  5 09:30:28 2026] [::1]:54790 [200]: GET /assets/record-search-suggestions.js
[Mon Oct  5 09:30:28 2026] [::1]:60247 Closing
[Mon Oct  5 09:30:28 2026] [::1]:61286 Closing
[Mon Oct  5 09:30:28 2026] [::1]:62674 Closing
[Mon Oct  5 09:30:28 2026] [::1]:51089 Closing
[Mon Oct  5 09:30:28 2026] [::1]:54790 Closing
[Mon Oct  5 09:30:28 2026] [::1]:64461 Accepted
[Mon Oct  5 09:30:28 2026] [::1]:64461 [200]: GET /assets/database-technology-background.jpg
[Mon Oct  5 09:30:28 2026] [::1]:64461 Closing
[Mon Oct  5 09:30:34 2026] [::1]:50855 Accepted
[Mon Oct  5 09:30:34 2026] [::1]:52659 Accepted
[Mon Oct  5 09:30:34 2026] [::1]:50855 [302]: POST /login.php
[Mon Oct  5 09:30:34 2026] [::1]:50855 Closing
[Mon Oct  5 09:30:35 2026] [::1]:52659 [200]: GET /dashboard.php
[Mon Oct  5 09:30:35 2026] [::1]:52659 Closing
[Mon Oct  5 09:30:35 2026] [::1]:49801 Accepted
[Mon Oct  5 09:30:35 2026] [::1]:61697 Accepted
[Mon Oct  5 09:30:35 2026] [::1]:49801 [200]: GET /assets/styles.css?v=1791129271
[Mon Oct  5 09:30:35 2026] [::1]:62495 Accepted
[Mon Oct  5 09:30:35 2026] [::1]:61697 [200]: GET /assets/scroll-position.js?v=1791083171
[Mon Oct  5 09:30:35 2026] [::1]:62629 Accepted
[Mon Oct  5 09:30:35 2026] [::1]:62495 [200]: GET /assets/splogo.jpg
[Mon Oct  5 09:30:35 2026] [::1]:62629 [200]: GET /assets/table-pagination.js
[Mon Oct  5 09:30:35 2026] [::1]:49801 Closing
[Mon Oct  5 09:30:35 2026] [::1]:61697 Closing
[Mon Oct  5 09:30:35 2026] [::1]:62495 Closing
[Mon Oct  5 09:30:35 2026] [::1]:62629 Closing
[Mon Oct  5 09:30:35 2026] [::1]:59668 Accepted
[Mon Oct  5 09:30:35 2026] [::1]:59668 [200]: GET /assets/record-search-suggestions.js
[Mon Oct  5 09:30:35 2026] [::1]:57448 Accepted
[Mon Oct  5 09:30:35 2026] [::1]:61324 Accepted
[Mon Oct  5 09:30:35 2026] [::1]:57448 [200]: GET /assets/system-windows.js?v=1791129283
[Mon Oct  5 09:30:35 2026] [::1]:61324 [200]: GET /assets/attachment-validation.js
[Mon Oct  5 09:30:35 2026] [::1]:59668 Closing
[Mon Oct  5 09:30:35 2026] [::1]:57448 Closing
[Mon Oct  5 09:30:35 2026] [::1]:61324 Closing
[Mon Oct  5 09:33:47 2026] [::1]:57967 Accepted
[Mon Oct  5 09:33:47 2026] [::1]:57967 [200]: GET /dashboard.php?monitor_role=messengerial_support
[Mon Oct  5 09:33:47 2026] [::1]:57967 Closing
[Mon Oct  5 09:33:47 2026] [::1]:60717 Accepted
[Mon Oct  5 09:33:47 2026] [::1]:64111 Accepted
[Mon Oct  5 09:33:47 2026] [::1]:60655 Accepted
[Mon Oct  5 09:33:47 2026] [::1]:60717 [200]: GET /assets/scroll-position.js?v=1791083171
[Mon Oct  5 09:33:47 2026] [::1]:64111 [200]: GET /assets/splogo.jpg
[Mon Oct  5 09:33:47 2026] [::1]:57444 Accepted
[Mon Oct  5 09:33:47 2026] [::1]:60655 [200]: GET /assets/styles.css?v=1791129271
[Mon Oct  5 09:33:47 2026] [::1]:57444 [200]: GET /assets/table-pagination.js
[Mon Oct  5 09:33:47 2026] [::1]:60717 Closing
[Mon Oct  5 09:33:47 2026] [::1]:64111 Closing
[Mon Oct  5 09:33:47 2026] [::1]:60655 Closing
[Mon Oct  5 09:33:47 2026] [::1]:57444 Closing
[Mon Oct  5 09:33:47 2026] [::1]:55405 Accepted
[Mon Oct  5 09:33:47 2026] [::1]:55405 [200]: GET /assets/record-search-suggestions.js
[Mon Oct  5 09:33:47 2026] [::1]:55405 Closing
[Mon Oct  5 09:33:47 2026] [::1]:56681 Accepted
[Mon Oct  5 09:33:47 2026] [::1]:53496 Accepted
[Mon Oct  5 09:33:47 2026] [::1]:56681 [200]: GET /assets/system-windows.js?v=1791129283
[Mon Oct  5 09:33:47 2026] [::1]:53496 [200]: GET /assets/attachment-validation.js
[Mon Oct  5 09:33:47 2026] [::1]:56681 Closing
[Mon Oct  5 09:33:47 2026] [::1]:53496 Closing
[Mon Oct  5 09:34:22 2026] [::1]:58353 Accepted
[Mon Oct  5 09:34:22 2026] [::1]:63113 Accepted
[Mon Oct  5 09:34:22 2026] [::1]:58353 [200]: GET /dashboard.php?monitor_role=lmis_data_entry
[Mon Oct  5 09:34:22 2026] [::1]:58353 Closing
[Mon Oct  5 09:34:22 2026] [::1]:60504 Accepted
[Mon Oct  5 09:34:22 2026] [::1]:63113 [200]: GET /assets/scroll-position.js?v=1791083171
[Mon Oct  5 09:34:22 2026] [::1]:64944 Accepted
[Mon Oct  5 09:34:22 2026] [::1]:60504 [200]: GET /assets/splogo.jpg
[Mon Oct  5 09:34:22 2026] [::1]:64944 [200]: GET /assets/styles.css?v=1791129271
[Mon Oct  5 09:34:22 2026] [::1]:63113 Closing
[Mon Oct  5 09:34:22 2026] [::1]:60504 Closing
[Mon Oct  5 09:34:22 2026] [::1]:64944 Closing
[Mon Oct  5 09:34:22 2026] [::1]:50111 Accepted
[Mon Oct  5 09:34:22 2026] [::1]:50111 [200]: GET /assets/table-pagination.js
[Mon Oct  5 09:34:22 2026] [::1]:50111 Closing
[Mon Oct  5 09:34:22 2026] [::1]:65156 Accepted
[Mon Oct  5 09:34:22 2026] [::1]:62509 Accepted
[Mon Oct  5 09:34:22 2026] [::1]:65156 [200]: GET /assets/attachment-validation.js
[Mon Oct  5 09:34:22 2026] [::1]:53469 Accepted
[Mon Oct  5 09:34:22 2026] [::1]:62509 [200]: GET /assets/record-search-suggestions.js
[Mon Oct  5 09:34:22 2026] [::1]:53469 [200]: GET /assets/system-windows.js?v=1791129283
[Mon Oct  5 09:34:22 2026] [::1]:65156 Closing
[Mon Oct  5 09:34:22 2026] [::1]:62509 Closing
[Mon Oct  5 09:34:22 2026] [::1]:53469 Closing
[Mon Oct  5 10:21:09 2026] [::1]:58330 Accepted
[Mon Oct  5 10:21:09 2026] [::1]:58330 [200]: GET /dashboard.php
[Mon Oct  5 10:21:09 2026] [::1]:58330 Closing
[Mon Oct  5 10:21:09 2026] [::1]:62854 Accepted
[Mon Oct  5 10:21:09 2026] [::1]:53643 Accepted
[Mon Oct  5 10:21:09 2026] [::1]:62854 [200]: GET /assets/scroll-position.js?v=1791083171
[Mon Oct  5 10:21:09 2026] [::1]:64282 Accepted
[Mon Oct  5 10:21:09 2026] [::1]:53643 [200]: GET /assets/styles.css?v=1791129271
[Mon Oct  5 10:21:09 2026] [::1]:50144 Accepted
[Mon Oct  5 10:21:09 2026] [::1]:64282 [200]: GET /assets/splogo.jpg
[Mon Oct  5 10:21:09 2026] [::1]:50144 [200]: GET /assets/table-pagination.js
[Mon Oct  5 10:21:09 2026] [::1]:62854 Closing
[Mon Oct  5 10:21:09 2026] [::1]:53643 Closing
[Mon Oct  5 10:21:09 2026] [::1]:64282 Closing
[Mon Oct  5 10:21:09 2026] [::1]:50144 Closing
[Mon Oct  5 10:21:09 2026] [::1]:63667 Accepted
[Mon Oct  5 10:21:09 2026] [::1]:50630 Accepted
[Mon Oct  5 10:21:09 2026] [::1]:60226 Accepted
[Mon Oct  5 10:21:09 2026] [::1]:63667 [200]: GET /assets/record-search-suggestions.js
[Mon Oct  5 10:21:09 2026] [::1]:50630 [200]: GET /assets/attachment-validation.js
[Mon Oct  5 10:21:09 2026] [::1]:60226 [200]: GET /assets/system-windows.js?v=1791129283
[Mon Oct  5 10:21:09 2026] [::1]:63667 Closing
[Mon Oct  5 10:21:09 2026] [::1]:50630 Closing
[Mon Oct  5 10:21:09 2026] [::1]:60226 Closing
[Mon Oct  5 10:21:12 2026] [::1]:50705 Accepted
[Mon Oct  5 10:21:12 2026] [::1]:50705 [302]: GET /logout.php
[Mon Oct  5 10:21:12 2026] [::1]:50705 Closing
[Mon Oct  5 10:21:12 2026] [::1]:55790 Accepted
[Mon Oct  5 10:21:12 2026] [::1]:55790 [200]: GET /login.php
[Mon Oct  5 10:21:12 2026] [::1]:55790 Closing
[Mon Oct  5 10:21:12 2026] [::1]:51148 Accepted
[Mon Oct  5 10:21:12 2026] [::1]:55723 Accepted
[Mon Oct  5 10:21:12 2026] [::1]:50079 Accepted
[Mon Oct  5 10:21:12 2026] [::1]:51148 [200]: GET /assets/styles.css?v=1791129271
[Mon Oct  5 10:21:12 2026] [::1]:64963 Accepted
[Mon Oct  5 10:21:12 2026] [::1]:55723 [200]: GET /assets/scroll-position.js?v=1791083171
[Mon Oct  5 10:21:12 2026] [::1]:59621 Accepted
[Mon Oct  5 10:21:12 2026] [::1]:50079 [200]: GET /assets/table-pagination.js
[Mon Oct  5 10:21:12 2026] [::1]:64963 [200]: GET /assets/record-search-suggestions.js
[Mon Oct  5 10:21:12 2026] [::1]:65160 Accepted
[Mon Oct  5 10:21:12 2026] [::1]:59621 [200]: GET /assets/attachment-validation.js
[Mon Oct  5 10:21:12 2026] [::1]:65160 [200]: GET /assets/system-windows.js?v=1791129283
[Mon Oct  5 10:21:12 2026] [::1]:51148 Closing
[Mon Oct  5 10:21:12 2026] [::1]:55723 Closing
[Mon Oct  5 10:21:12 2026] [::1]:50079 Closing
[Mon Oct  5 10:21:12 2026] [::1]:64963 Closing
[Mon Oct  5 10:21:12 2026] [::1]:59621 Closing
[Mon Oct  5 10:21:12 2026] [::1]:65160 Closing
[Mon Oct  5 10:21:12 2026] [::1]:58278 Accepted
[Mon Oct  5 10:21:12 2026] [::1]:58278 [200]: GET /assets/database-technology-background.jpg
[Mon Oct  5 10:21:12 2026] [::1]:58278 Closing
[Mon Oct  5 10:21:18 2026] [::1]:56249 Accepted
[Mon Oct  5 10:21:18 2026] [::1]:55634 Accepted
[Mon Oct  5 10:21:18 2026] [::1]:56249 [302]: POST /login.php
[Mon Oct  5 10:21:18 2026] [::1]:56249 Closing
[Mon Oct  5 10:21:18 2026] [::1]:55634 [200]: GET /dashboard.php
[Mon Oct  5 10:21:18 2026] [::1]:55634 Closing
[Mon Oct  5 10:21:18 2026] [::1]:59506 Accepted
[Mon Oct  5 10:21:18 2026] [::1]:49734 Accepted
[Mon Oct  5 10:21:18 2026] [::1]:59506 [200]: GET /assets/styles.css?v=1791129271
[Mon Oct  5 10:21:18 2026] [::1]:62052 Accepted
[Mon Oct  5 10:21:18 2026] [::1]:49734 [200]: GET /assets/scroll-position.js?v=1791083171
[Mon Oct  5 10:21:18 2026] [::1]:51610 Accepted
[Mon Oct  5 10:21:18 2026] [::1]:62052 [200]: GET /assets/splogo.jpg
[Mon Oct  5 10:21:18 2026] [::1]:51610 [200]: GET /assets/table-pagination.js
[Mon Oct  5 10:21:18 2026] [::1]:59506 Closing
[Mon Oct  5 10:21:18 2026] [::1]:49734 Closing
[Mon Oct  5 10:21:18 2026] [::1]:62052 Closing
[Mon Oct  5 10:21:18 2026] [::1]:51610 Closing
[Mon Oct  5 10:21:18 2026] [::1]:62921 Accepted
[Mon Oct  5 10:21:18 2026] [::1]:55796 Accepted
[Mon Oct  5 10:21:18 2026] [::1]:62921 [200]: GET /assets/record-search-suggestions.js
[Mon Oct  5 10:21:18 2026] [::1]:62193 Accepted
[Mon Oct  5 10:21:18 2026] [::1]:55796 [200]: GET /assets/attachment-validation.js
[Mon Oct  5 10:21:18 2026] [::1]:62193 [200]: GET /assets/system-windows.js?v=1791129283
[Mon Oct  5 10:21:18 2026] [::1]:62921 Closing
[Mon Oct  5 10:21:18 2026] [::1]:55796 Closing
[Mon Oct  5 10:21:18 2026] [::1]:62193 Closing
[Mon Oct  5 10:21:26 2026] [::1]:55429 Accepted
[Mon Oct  5 10:21:26 2026] [::1]:55429 [200]: GET /e-library_old.php
[Mon Oct  5 10:21:26 2026] [::1]:55429 Closing
[Mon Oct  5 10:21:26 2026] [::1]:60460 Accepted
[Mon Oct  5 10:21:26 2026] [::1]:63952 Accepted
[Mon Oct  5 10:21:26 2026] [::1]:52802 Accepted
[Mon Oct  5 10:21:26 2026] [::1]:60460 [200]: GET /assets/scroll-position.js?v=1791083171
[Mon Oct  5 10:21:26 2026] [::1]:63952 [200]: GET /assets/styles.css?v=1791129271
[Mon Oct  5 10:21:26 2026] [::1]:56699 Accepted
[Mon Oct  5 10:21:26 2026] [::1]:52802 [200]: GET /assets/splogo.jpg
[Mon Oct  5 10:21:26 2026] [::1]:56699 [200]: GET /assets/historical-legislation.js
[Mon Oct  5 10:21:26 2026] [::1]:60460 Closing
[Mon Oct  5 10:21:26 2026] [::1]:63952 Closing
[Mon Oct  5 10:21:26 2026] [::1]:52802 Closing
[Mon Oct  5 10:21:26 2026] [::1]:56699 Closing
[Mon Oct  5 10:21:26 2026] [::1]:65221 Accepted
[Mon Oct  5 10:21:26 2026] [::1]:58531 Accepted
[Mon Oct  5 10:21:26 2026] [::1]:57000 Accepted
[Mon Oct  5 10:21:26 2026] [::1]:51757 Accepted
[Mon Oct  5 10:21:26 2026] [::1]:65221 [200]: GET /assets/table-pagination.js
[Mon Oct  5 10:21:26 2026] [::1]:58531 [200]: GET /assets/record-search-suggestions.js
[Mon Oct  5 10:21:26 2026] [::1]:57000 [200]: GET /assets/attachment-validation.js
[Mon Oct  5 10:21:26 2026] [::1]:51757 [200]: GET /assets/system-windows.js?v=1791129283
[Mon Oct  5 10:21:26 2026] [::1]:65221 Closing
[Mon Oct  5 10:21:26 2026] [::1]:58531 Closing
[Mon Oct  5 10:21:26 2026] [::1]:57000 Closing
[Mon Oct  5 10:21:26 2026] [::1]:51757 Closing
[Mon Oct  5 10:21:29 2026] [::1]:51694 Accepted
[Mon Oct  5 10:21:29 2026] [::1]:51694 [200]: GET /elibrary_import.php
[Mon Oct  5 10:21:29 2026] [::1]:51694 Closing
[Mon Oct  5 10:21:29 2026] [::1]:50281 Accepted
[Mon Oct  5 10:21:29 2026] [::1]:60742 Accepted
[Mon Oct  5 10:21:29 2026] [::1]:59957 Accepted
[Mon Oct  5 10:21:29 2026] [::1]:49671 Accepted
[Mon Oct  5 10:21:29 2026] [::1]:50281 [200]: GET /assets/scroll-position.js?v=1791083171
[Mon Oct  5 10:21:29 2026] [::1]:60742 [200]: GET /assets/styles.css?v=1791129271
[Mon Oct  5 10:21:29 2026] [::1]:59957 [200]: GET /assets/splogo.jpg
[Mon Oct  5 10:21:29 2026] [::1]:49671 [200]: GET /assets/table-pagination.js
[Mon Oct  5 10:21:29 2026] [::1]:50281 Closing
[Mon Oct  5 10:21:29 2026] [::1]:60742 Closing
[Mon Oct  5 10:21:29 2026] [::1]:59957 Closing
[Mon Oct  5 10:21:29 2026] [::1]:49671 Closing
[Mon Oct  5 10:21:29 2026] [::1]:63557 Accepted
[Mon Oct  5 10:21:29 2026] [::1]:61847 Accepted
[Mon Oct  5 10:21:29 2026] [::1]:63557 [200]: GET /assets/record-search-suggestions.js
[Mon Oct  5 10:21:29 2026] [::1]:60727 Accepted
[Mon Oct  5 10:21:29 2026] [::1]:61847 [200]: GET /assets/attachment-validation.js
[Mon Oct  5 10:21:29 2026] [::1]:60727 [200]: GET /assets/system-windows.js?v=1791129283
[Mon Oct  5 10:21:29 2026] [::1]:63557 Closing
[Mon Oct  5 10:21:29 2026] [::1]:61847 Closing
[Mon Oct  5 10:21:29 2026] [::1]:60727 Closing
[Mon Oct  5 10:21:33 2026] [::1]:54654 Accepted
[Mon Oct  5 10:21:33 2026] [::1]:54654 [200]: GET /elibrary_import.php?template=1
[Mon Oct  5 10:21:33 2026] [::1]:54654 Closing
[Mon Oct  5 10:21:33 2026] [::1]:54651 Accepted
[Mon Oct  5 10:23:02 2026] [::1]:54651 Closed without sending a request; it was probably just an unused speculative preconnection
[Mon Oct  5 10:23:02 2026] [::1]:54651 Closing
[Mon Oct  5 10:23:02 2026] [::1]:58517 Accepted
[Mon Oct  5 10:23:02 2026] [::1]:58517 [200]: GET /e-library_old.php
[Mon Oct  5 10:23:02 2026] [::1]:58517 Closing
[Mon Oct  5 10:23:02 2026] [::1]:59435 Accepted
[Mon Oct  5 10:23:02 2026] [::1]:49189 Accepted
[Mon Oct  5 10:23:02 2026] [::1]:59435 [200]: GET /assets/scroll-position.js?v=1791083171
[Mon Oct  5 10:23:02 2026] [::1]:49372 Accepted
[Mon Oct  5 10:23:02 2026] [::1]:49189 [200]: GET /assets/styles.css?v=1791129271
[Mon Oct  5 10:23:02 2026] [::1]:55629 Accepted
[Mon Oct  5 10:23:02 2026] [::1]:49372 [200]: GET /assets/splogo.jpg
[Mon Oct  5 10:23:02 2026] [::1]:55629 [200]: GET /assets/historical-legislation.js
[Mon Oct  5 10:23:02 2026] [::1]:59435 Closing
[Mon Oct  5 10:23:02 2026] [::1]:49189 Closing
[Mon Oct  5 10:23:02 2026] [::1]:49372 Closing
[Mon Oct  5 10:23:02 2026] [::1]:55629 Closing
[Mon Oct  5 10:23:02 2026] [::1]:56540 Accepted
[Mon Oct  5 10:23:02 2026] [::1]:56635 Accepted
[Mon Oct  5 10:23:02 2026] [::1]:58569 Accepted
[Mon Oct  5 10:23:02 2026] [::1]:51194 Accepted
[Mon Oct  5 10:23:02 2026] [::1]:56540 [200]: GET /assets/table-pagination.js
[Mon Oct  5 10:23:02 2026] [::1]:56635 [200]: GET /assets/record-search-suggestions.js
[Mon Oct  5 10:23:02 2026] [::1]:58569 [200]: GET /assets/attachment-validation.js
[Mon Oct  5 10:23:02 2026] [::1]:51194 [200]: GET /assets/system-windows.js?v=1791129283
[Mon Oct  5 10:23:02 2026] [::1]:56540 Closing
[Mon Oct  5 10:23:02 2026] [::1]:56635 Closing
[Mon Oct  5 10:23:02 2026] [::1]:58569 Closing
[Mon Oct  5 10:23:02 2026] [::1]:51194 Closing
[Mon Oct  5 10:23:11 2026] [::1]:60549 Accepted
[Mon Oct  5 10:23:11 2026] [::1]:60549 [200]: GET /legislation.php
[Mon Oct  5 10:23:11 2026] [::1]:60549 Closing
[Mon Oct  5 10:23:11 2026] [::1]:55552 Accepted
[Mon Oct  5 10:23:11 2026] [::1]:58431 Accepted
[Mon Oct  5 10:23:11 2026] [::1]:51888 Accepted
[Mon Oct  5 10:23:11 2026] [::1]:55552 [200]: GET /assets/scroll-position.js?v=1791083171
[Mon Oct  5 10:23:11 2026] [::1]:58431 [200]: GET /assets/styles.css?v=1791129271
[Mon Oct  5 10:23:11 2026] [::1]:62043 Accepted
[Mon Oct  5 10:23:11 2026] [::1]:51888 [200]: GET /assets/splogo.jpg
[Mon Oct  5 10:23:11 2026] [::1]:62043 [200]: GET /assets/legislation-filters.js?v=1791043197
[Mon Oct  5 10:23:11 2026] [::1]:55552 Closing
[Mon Oct  5 10:23:11 2026] [::1]:58431 Closing
[Mon Oct  5 10:23:11 2026] [::1]:51888 Closing
[Mon Oct  5 10:23:11 2026] [::1]:62043 Closing
[Mon Oct  5 10:23:11 2026] [::1]:52892 Accepted
[Mon Oct  5 10:23:11 2026] [::1]:55384 Accepted
[Mon Oct  5 10:23:11 2026] [::1]:52892 [200]: GET /assets/record-search-suggestions.js
[Mon Oct  5 10:23:11 2026] [::1]:60142 Accepted
[Mon Oct  5 10:23:11 2026] [::1]:55384 [200]: GET /assets/table-pagination.js
[Mon Oct  5 10:23:11 2026] [::1]:52129 Accepted
[Mon Oct  5 10:23:11 2026] [::1]:60142 [200]: GET /assets/system-windows.js?v=1791129283
[Mon Oct  5 10:23:11 2026] [::1]:52129 [200]: GET /assets/attachment-validation.js
[Mon Oct  5 10:23:11 2026] [::1]:52892 Closing
[Mon Oct  5 10:23:11 2026] [::1]:57432 Accepted
[Mon Oct  5 10:23:11 2026] [::1]:55384 Closing
[Mon Oct  5 10:23:11 2026] [::1]:57432 [200]: GET /assets/legislation-background.png
[Mon Oct  5 10:23:11 2026] [::1]:60142 Closing
[Mon Oct  5 10:23:11 2026] [::1]:52129 Closing
[Mon Oct  5 10:23:11 2026] [::1]:57432 Closing
[Mon Oct  5 10:23:17 2026] [::1]:50604 Accepted
[Mon Oct  5 10:23:18 2026] [::1]:50604 [200]: GET /legislation_detail.php?id=35&popup=1
[Mon Oct  5 10:23:18 2026] [::1]:50604 Closing
[Mon Oct  5 10:23:18 2026] [::1]:58112 Accepted
[Mon Oct  5 10:23:18 2026] [::1]:54736 Accepted
[Mon Oct  5 10:23:18 2026] [::1]:65319 Accepted
[Mon Oct  5 10:23:18 2026] [::1]:58112 [200]: GET /assets/scroll-position.js?v=1791083171
[Mon Oct  5 10:23:18 2026] [::1]:54736 [200]: GET /assets/styles.css?v=1791129271
[Mon Oct  5 10:23:18 2026] [::1]:54499 Accepted
[Mon Oct  5 10:23:18 2026] [::1]:65319 [200]: GET /assets/splogo.jpg
[Mon Oct  5 10:23:18 2026] [::1]:54499 [200]: GET /assets/table-pagination.js
[Mon Oct  5 10:23:18 2026] [::1]:58112 Closing
[Mon Oct  5 10:23:18 2026] [::1]:54736 Closing
[Mon Oct  5 10:23:18 2026] [::1]:65319 Closing
[Mon Oct  5 10:23:18 2026] [::1]:54499 Closing
[Mon Oct  5 10:23:18 2026] [::1]:53863 Accepted
[Mon Oct  5 10:23:18 2026] [::1]:53863 [200]: GET /assets/record-search-suggestions.js
[Mon Oct  5 10:23:18 2026] [::1]:52671 Accepted
[Mon Oct  5 10:23:18 2026] [::1]:60864 Accepted
[Mon Oct  5 10:23:18 2026] [::1]:52671 [200]: GET /assets/attachment-validation.js
[Mon Oct  5 10:23:18 2026] [::1]:60864 [200]: GET /assets/system-windows.js?v=1791129283
[Mon Oct  5 10:23:18 2026] [::1]:53863 Closing
[Mon Oct  5 10:23:18 2026] [::1]:52671 Closing
[Mon Oct  5 10:23:18 2026] [::1]:60864 Closing
[Mon Oct  5 10:23:32 2026] [::1]:60953 Accepted
[Mon Oct  5 10:23:32 2026] [::1]:60953 [200]: GET /legislation_detail.php?id=129&popup=1
[Mon Oct  5 10:23:32 2026] [::1]:60953 Closing
[Mon Oct  5 10:23:32 2026] [::1]:54750 Accepted
[Mon Oct  5 10:23:32 2026] [::1]:52546 Accepted
[Mon Oct  5 10:23:32 2026] [::1]:64355 Accepted
[Mon Oct  5 10:23:32 2026] [::1]:64836 Accepted
[Mon Oct  5 10:23:32 2026] [::1]:54750 [200]: GET /assets/styles.css?v=1791129271
[Mon Oct  5 10:23:32 2026] [::1]:52546 [200]: GET /assets/scroll-position.js?v=1791083171
[Mon Oct  5 10:23:32 2026] [::1]:64355 [200]: GET /assets/splogo.jpg
[Mon Oct  5 10:23:32 2026] [::1]:64836 [200]: GET /assets/table-pagination.js
[Mon Oct  5 10:23:32 2026] [::1]:52546 Closing
[Mon Oct  5 10:23:32 2026] [::1]:64355 Closing
[Mon Oct  5 10:23:32 2026] [::1]:64836 Closing
[Mon Oct  5 10:23:32 2026] [::1]:54750 Closing
[Mon Oct  5 10:23:32 2026] [::1]:53447 Accepted
[Mon Oct  5 10:23:32 2026] [::1]:61559 Accepted
[Mon Oct  5 10:23:32 2026] [::1]:53447 [200]: GET /assets/record-search-suggestions.js
[Mon Oct  5 10:23:32 2026] [::1]:56201 Accepted
[Mon Oct  5 10:23:32 2026] [::1]:61559 [200]: GET /assets/attachment-validation.js
[Mon Oct  5 10:23:32 2026] [::1]:56201 [200]: GET /assets/system-windows.js?v=1791129283
[Mon Oct  5 10:23:32 2026] [::1]:53447 Closing
[Mon Oct  5 10:23:32 2026] [::1]:61559 Closing
[Mon Oct  5 10:23:32 2026] [::1]:56201 Closing
[Mon Oct  5 10:23:37 2026] [::1]:56569 Accepted
[Mon Oct  5 10:23:38 2026] [::1]:52371 Accepted
[Mon Oct  5 10:23:38 2026] [::1]:56569 [200]: GET /e-library_old.php
[Mon Oct  5 10:23:38 2026] [::1]:56569 Closing
[Mon Oct  5 10:23:38 2026] [::1]:61634 Accepted
[Mon Oct  5 10:23:38 2026] [::1]:52371 [200]: GET /assets/scroll-position.js?v=1791083171
[Mon Oct  5 10:23:38 2026] [::1]:58851 Accepted
[Mon Oct  5 10:23:38 2026] [::1]:61634 [200]: GET /assets/styles.css?v=1791129271
[Mon Oct  5 10:23:38 2026] [::1]:52070 Accepted
[Mon Oct  5 10:23:38 2026] [::1]:58851 [200]: GET /assets/splogo.jpg
[Mon Oct  5 10:23:38 2026] [::1]:52070 [200]: GET /assets/historical-legislation.js
[Mon Oct  5 10:23:38 2026] [::1]:52371 Closing
[Mon Oct  5 10:23:38 2026] [::1]:61634 Closing
[Mon Oct  5 10:23:38 2026] [::1]:58851 Closing
[Mon Oct  5 10:23:38 2026] [::1]:52070 Closing
[Mon Oct  5 10:23:38 2026] [::1]:51116 Accepted
[Mon Oct  5 10:23:38 2026] [::1]:57658 Accepted
[Mon Oct  5 10:23:38 2026] [::1]:51116 [200]: GET /assets/table-pagination.js
[Mon Oct  5 10:23:38 2026] [::1]:50313 Accepted
[Mon Oct  5 10:23:38 2026] [::1]:57658 [200]: GET /assets/record-search-suggestions.js
[Mon Oct  5 10:23:38 2026] [::1]:50060 Accepted
[Mon Oct  5 10:23:38 2026] [::1]:50313 [200]: GET /assets/attachment-validation.js
[Mon Oct  5 10:23:38 2026] [::1]:50060 [200]: GET /assets/system-windows.js?v=1791129283
[Mon Oct  5 10:23:38 2026] [::1]:51116 Closing
[Mon Oct  5 10:23:38 2026] [::1]:57658 Closing
[Mon Oct  5 10:23:38 2026] [::1]:50313 Closing
[Mon Oct  5 10:23:38 2026] [::1]:50060 Closing
[Mon Oct  5 10:23:41 2026] [::1]:60276 Accepted
[Mon Oct  5 10:23:41 2026] [::1]:60276 [200]: GET /elibrary_review.php?id=290
[Mon Oct  5 10:23:41 2026] [::1]:60276 Closing
[Mon Oct  5 10:23:41 2026] [::1]:63375 Accepted
[Mon Oct  5 10:23:41 2026] [::1]:63375 [200]: GET /assets/scroll-position.js?v=1791083171
[Mon Oct  5 10:23:41 2026] [::1]:63375 Closing
[Mon Oct  5 10:23:41 2026] [::1]:61905 Accepted
[Mon Oct  5 10:23:41 2026] [::1]:57329 Accepted
[Mon Oct  5 10:23:41 2026] [::1]:60507 Accepted
[Mon Oct  5 10:23:41 2026] [::1]:61905 [200]: GET /assets/styles.css?v=1791129271
[Mon Oct  5 10:23:41 2026] [::1]:57329 [200]: GET /assets/table-pagination.js
[Mon Oct  5 10:23:41 2026] [::1]:60507 [200]: GET /assets/splogo.jpg
[Mon Oct  5 10:23:41 2026] [::1]:61905 Closing
[Mon Oct  5 10:23:41 2026] [::1]:57329 Closing
[Mon Oct  5 10:23:41 2026] [::1]:60507 Closing
[Mon Oct  5 10:23:41 2026] [::1]:53779 Accepted
[Mon Oct  5 10:23:41 2026] [::1]:53779 [200]: GET /assets/record-search-suggestions.js
[Mon Oct  5 10:23:41 2026] [::1]:53779 Closing
[Mon Oct  5 10:23:41 2026] [::1]:62974 Accepted
[Mon Oct  5 10:23:41 2026] [::1]:56464 Accepted
[Mon Oct  5 10:23:41 2026] [::1]:62974 [200]: GET /assets/attachment-validation.js
[Mon Oct  5 10:23:41 2026] [::1]:56464 [200]: GET /assets/system-windows.js?v=1791129283
[Mon Oct  5 10:23:41 2026] [::1]:62974 Closing
[Mon Oct  5 10:23:41 2026] [::1]:56464 Closing
[Mon Oct  5 10:23:58 2026] [::1]:53944 Accepted
[Mon Oct  5 10:23:58 2026] [::1]:53944 [200]: GET /elibrary.php
[Mon Oct  5 10:23:58 2026] [::1]:53944 Closing
[Mon Oct  5 10:23:58 2026] [::1]:49252 Accepted
[Mon Oct  5 10:23:58 2026] [::1]:52376 Accepted
[Mon Oct  5 10:23:58 2026] [::1]:49252 [200]: GET /assets/scroll-position.js?v=1791083171
[Mon Oct  5 10:23:58 2026] [::1]:58406 Accepted
[Mon Oct  5 10:23:58 2026] [::1]:52376 [200]: GET /assets/styles.css?v=1791129271
[Mon Oct  5 10:23:58 2026] [::1]:63566 Accepted
[Mon Oct  5 10:23:58 2026] [::1]:58406 [200]: GET /assets/splogo.jpg
[Mon Oct  5 10:23:58 2026] [::1]:63566 [200]: GET /assets/table-pagination.js
[Mon Oct  5 10:23:58 2026] [::1]:49252 Closing
[Mon Oct  5 10:23:58 2026] [::1]:52376 Closing
[Mon Oct  5 10:23:58 2026] [::1]:58406 Closing
[Mon Oct  5 10:23:58 2026] [::1]:63566 Closing
[Mon Oct  5 10:23:58 2026] [::1]:59794 Accepted
[Mon Oct  5 10:23:58 2026] [::1]:58773 Accepted
[Mon Oct  5 10:23:58 2026] [::1]:55944 Accepted
[Mon Oct  5 10:23:58 2026] [::1]:59794 [200]: GET /assets/record-search-suggestions.js
[Mon Oct  5 10:23:58 2026] [::1]:58773 [200]: GET /assets/attachment-validation.js
[Mon Oct  5 10:23:58 2026] [::1]:55944 [200]: GET /assets/system-windows.js?v=1791129283
[Mon Oct  5 10:23:58 2026] [::1]:59794 Closing
[Mon Oct  5 10:23:58 2026] [::1]:58773 Closing
[Mon Oct  5 10:23:58 2026] [::1]:55944 Closing
[Mon Oct  5 10:24:05 2026] [::1]:53457 Accepted
[Mon Oct  5 10:24:06 2026] [::1]:53457 [200]: GET /e-library_old.php
[Mon Oct  5 10:24:06 2026] [::1]:53457 Closing
[Mon Oct  5 10:24:06 2026] [::1]:52380 Accepted
[Mon Oct  5 10:24:06 2026] [::1]:53029 Accepted
[Mon Oct  5 10:24:06 2026] [::1]:52380 [200]: GET /assets/scroll-position.js?v=1791083171
[Mon Oct  5 10:24:06 2026] [::1]:55569 Accepted
[Mon Oct  5 10:24:06 2026] [::1]:53029 [200]: GET /assets/styles.css?v=1791129271
[Mon Oct  5 10:24:06 2026] [::1]:59253 Accepted
[Mon Oct  5 10:24:06 2026] [::1]:55569 [200]: GET /assets/splogo.jpg
[Mon Oct  5 10:24:06 2026] [::1]:59253 [200]: GET /assets/historical-legislation.js
[Mon Oct  5 10:24:06 2026] [::1]:52380 Closing
[Mon Oct  5 10:24:06 2026] [::1]:51258 Accepted
[Mon Oct  5 10:24:06 2026] [::1]:53029 Closing
[Mon Oct  5 10:24:06 2026] [::1]:55569 Closing
[Mon Oct  5 10:24:06 2026] [::1]:51725 Accepted
[Mon Oct  5 10:24:06 2026] [::1]:51258 [200]: GET /assets/table-pagination.js
[Mon Oct  5 10:24:06 2026] [::1]:59253 Closing
[Mon Oct  5 10:24:06 2026] [::1]:57858 Accepted
[Mon Oct  5 10:24:06 2026] [::1]:51725 [200]: GET /assets/record-search-suggestions.js
[Mon Oct  5 10:24:06 2026] [::1]:52557 Accepted
[Mon Oct  5 10:24:06 2026] [::1]:57858 [200]: GET /assets/attachment-validation.js
[Mon Oct  5 10:24:06 2026] [::1]:52557 [200]: GET /assets/system-windows.js?v=1791129283
[Mon Oct  5 10:24:06 2026] [::1]:51258 Closing
[Mon Oct  5 10:24:06 2026] [::1]:51725 Closing
[Mon Oct  5 10:24:06 2026] [::1]:57858 Closing
[Mon Oct  5 10:24:06 2026] [::1]:52557 Closing
[Mon Oct  5 10:24:25 2026] [::1]:50094 Accepted
[Mon Oct  5 10:24:25 2026] [::1]:50094 [200]: GET /e-library_old.php?edit=290
[Mon Oct  5 10:24:25 2026] [::1]:50094 Closing
[Mon Oct  5 10:24:25 2026] [::1]:61837 Accepted
[Mon Oct  5 10:24:25 2026] [::1]:59687 Accepted
[Mon Oct  5 10:24:25 2026] [::1]:61837 [200]: GET /assets/scroll-position.js?v=1791083171
[Mon Oct  5 10:24:25 2026] [::1]:60604 Accepted
[Mon Oct  5 10:24:25 2026] [::1]:59687 [200]: GET /assets/styles.css?v=1791129271
[Mon Oct  5 10:24:25 2026] [::1]:57902 Accepted
[Mon Oct  5 10:24:25 2026] [::1]:60604 [200]: GET /assets/splogo.jpg
[Mon Oct  5 10:24:25 2026] [::1]:57902 [200]: GET /assets/historical-legislation.js
[Mon Oct  5 10:24:25 2026] [::1]:61837 Closing
[Mon Oct  5 10:24:25 2026] [::1]:59687 Closing
[Mon Oct  5 10:24:25 2026] [::1]:60604 Closing
[Mon Oct  5 10:24:25 2026] [::1]:57902 Closing
[Mon Oct  5 10:24:25 2026] [::1]:60799 Accepted
[Mon Oct  5 10:24:25 2026] [::1]:58082 Accepted
[Mon Oct  5 10:24:25 2026] [::1]:56807 Accepted
[Mon Oct  5 10:24:25 2026] [::1]:60799 [200]: GET /assets/table-pagination.js
[Mon Oct  5 10:24:25 2026] [::1]:58082 [200]: GET /assets/record-search-suggestions.js
[Mon Oct  5 10:24:25 2026] [::1]:56807 [200]: GET /assets/attachment-validation.js
[Mon Oct  5 10:24:25 2026] [::1]:60799 Closing
[Mon Oct  5 10:24:25 2026] [::1]:58082 Closing
[Mon Oct  5 10:24:25 2026] [::1]:56807 Closing
[Mon Oct  5 10:24:25 2026] [::1]:55780 Accepted
[Mon Oct  5 10:24:25 2026] [::1]:55780 [200]: GET /assets/system-windows.js?v=1791129283
[Mon Oct  5 10:24:25 2026] [::1]:55780 Closing
[Mon Oct  5 10:26:40 2026] [::1]:61920 Accepted
[Mon Oct  5 10:26:40 2026] [::1]:49751 Accepted
[Mon Oct  5 10:26:40 2026] PHP Notice:  PHP Request Startup: file created in the system's temporary directory in Unknown on line 0
[Mon Oct  5 10:26:40 2026] Legislation: Enter a valid approval date within the selected term.
[Mon Oct  5 10:26:40 2026] [::1]:61920 [200]: POST /e-library_old.php?edit=290
[Mon Oct  5 10:26:40 2026] [::1]:61920 Closing
[Mon Oct  5 10:26:40 2026] [::1]:49751 [200]: GET /assets/scroll-position.js?v=1791083171
[Mon Oct  5 10:26:40 2026] [::1]:49751 Closing
[Mon Oct  5 10:26:40 2026] [::1]:56658 Accepted
[Mon Oct  5 10:26:40 2026] [::1]:64357 Accepted
[Mon Oct  5 10:26:40 2026] [::1]:54691 Accepted
[Mon Oct  5 10:26:40 2026] [::1]:56658 [200]: GET /assets/styles.css?v=1791129271
[Mon Oct  5 10:26:40 2026] [::1]:50124 Accepted
[Mon Oct  5 10:26:40 2026] [::1]:57926 Accepted
[Mon Oct  5 10:26:40 2026] [::1]:64357 [200]: GET /assets/splogo.jpg
[Mon Oct  5 10:26:40 2026] [::1]:54691 [200]: GET /assets/historical-legislation.js
[Mon Oct  5 10:26:40 2026] [::1]:50124 [200]: GET /assets/table-pagination.js
[Mon Oct  5 10:26:40 2026] [::1]:57926 [200]: GET /assets/record-search-suggestions.js
[Mon Oct  5 10:26:40 2026] [::1]:56658 Closing
[Mon Oct  5 10:26:40 2026] [::1]:64357 Closing
[Mon Oct  5 10:26:40 2026] [::1]:63043 Accepted
[Mon Oct  5 10:26:40 2026] [::1]:54691 Closing
[Mon Oct  5 10:26:40 2026] [::1]:50124 Closing
[Mon Oct  5 10:26:40 2026] [::1]:63043 [200]: GET /assets/attachment-validation.js
[Mon Oct  5 10:26:40 2026] [::1]:57926 Closing
[Mon Oct  5 10:26:40 2026] [::1]:63043 Closing
[Mon Oct  5 10:26:40 2026] [::1]:51713 Accepted
[Mon Oct  5 10:26:40 2026] [::1]:51713 [200]: GET /assets/system-windows.js?v=1791129283
[Mon Oct  5 10:26:40 2026] [::1]:51713 Closing
[Mon Oct  5 10:27:06 2026] [::1]:57838 Accepted
[Mon Oct  5 10:27:06 2026] [::1]:54646 Accepted
[Mon Oct  5 10:27:06 2026] [::1]:57838 [302]: POST /e-library_old.php?edit=290
[Mon Oct  5 10:27:06 2026] [::1]:57838 Closing
[Mon Oct  5 10:27:06 2026] [::1]:54646 [200]: GET /elibrary_review.php?id=290
[Mon Oct  5 10:27:06 2026] [::1]:54646 Closing
[Mon Oct  5 10:27:06 2026] [::1]:51842 Accepted
[Mon Oct  5 10:27:06 2026] [::1]:55945 Accepted
[Mon Oct  5 10:27:06 2026] [::1]:58621 Accepted
[Mon Oct  5 10:27:06 2026] [::1]:51842 [200]: GET /assets/scroll-position.js?v=1791083171
[Mon Oct  5 10:27:06 2026] [::1]:55945 [200]: GET /assets/styles.css?v=1791129271
[Mon Oct  5 10:27:06 2026] [::1]:50937 Accepted
[Mon Oct  5 10:27:06 2026] [::1]:58621 [200]: GET /assets/splogo.jpg
[Mon Oct  5 10:27:06 2026] [::1]:50937 [200]: GET /assets/table-pagination.js
[Mon Oct  5 10:27:06 2026] [::1]:51842 Closing
[Mon Oct  5 10:27:06 2026] [::1]:55945 Closing
[Mon Oct  5 10:27:06 2026] [::1]:58621 Closing
[Mon Oct  5 10:27:06 2026] [::1]:50937 Closing
[Mon Oct  5 10:27:06 2026] [::1]:63761 Accepted
[Mon Oct  5 10:27:06 2026] [::1]:52027 Accepted
[Mon Oct  5 10:27:06 2026] [::1]:63761 [200]: GET /assets/record-search-suggestions.js
[Mon Oct  5 10:27:06 2026] [::1]:54519 Accepted
[Mon Oct  5 10:27:06 2026] [::1]:52027 [200]: GET /assets/attachment-validation.js
[Mon Oct  5 10:27:06 2026] [::1]:54519 [200]: GET /assets/system-windows.js?v=1791129283
[Mon Oct  5 10:27:06 2026] [::1]:63761 Closing
[Mon Oct  5 10:27:06 2026] [::1]:52027 Closing
[Mon Oct  5 10:27:06 2026] [::1]:54519 Closing
[Mon Oct  5 10:27:12 2026] [::1]:62469 Accepted
[Mon Oct  5 10:27:13 2026] [::1]:62469 [302]: POST /elibrary_review.php?id=290
[Mon Oct  5 10:27:13 2026] [::1]:62469 Closing
[Mon Oct  5 10:27:13 2026] [::1]:50539 Accepted
[Mon Oct  5 10:27:13 2026] [::1]:50539 [200]: GET /legislation.php?search=R14405-2022
[Mon Oct  5 10:27:13 2026] [::1]:50539 Closing
[Mon Oct  5 10:27:13 2026] [::1]:62006 Accepted
[Mon Oct  5 10:27:13 2026] [::1]:50428 Accepted
[Mon Oct  5 10:27:13 2026] [::1]:62006 [200]: GET /assets/scroll-position.js?v=1791083171
[Mon Oct  5 10:27:13 2026] [::1]:62188 Accepted
[Mon Oct  5 10:27:13 2026] [::1]:50428 [200]: GET /assets/styles.css?v=1791129271
[Mon Oct  5 10:27:13 2026] [::1]:65200 Accepted
[Mon Oct  5 10:27:13 2026] [::1]:62188 [200]: GET /assets/splogo.jpg
[Mon Oct  5 10:27:13 2026] [::1]:65200 [200]: GET /assets/legislation-filters.js?v=1791043197
[Mon Oct  5 10:27:13 2026] [::1]:62006 Closing
[Mon Oct  5 10:27:13 2026] [::1]:50428 Closing
[Mon Oct  5 10:27:13 2026] [::1]:62188 Closing
[Mon Oct  5 10:27:13 2026] [::1]:65200 Closing
[Mon Oct  5 10:27:13 2026] [::1]:49670 Accepted
[Mon Oct  5 10:27:13 2026] [::1]:62398 Accepted
[Mon Oct  5 10:27:13 2026] [::1]:62238 Accepted
[Mon Oct  5 10:27:13 2026] [::1]:49670 [200]: GET /assets/table-pagination.js
[Mon Oct  5 10:27:13 2026] [::1]:62238 [200]: GET /assets/record-search-suggestions.js
[Mon Oct  5 10:27:13 2026] [::1]:62398 [200]: GET /assets/attachment-validation.js
[Mon Oct  5 10:27:13 2026] [::1]:49670 Closing
[Mon Oct  5 10:27:13 2026] [::1]:62238 Closing
[Mon Oct  5 10:27:13 2026] [::1]:62398 Closing
[Mon Oct  5 10:27:13 2026] [::1]:59182 Accepted
[Mon Oct  5 10:27:13 2026] [::1]:59182 [200]: GET /assets/system-windows.js?v=1791129283
[Mon Oct  5 10:27:13 2026] [::1]:59182 Closing
[Mon Oct  5 10:27:13 2026] [::1]:63803 Accepted
[Mon Oct  5 10:27:13 2026] [::1]:63803 [200]: GET /assets/legislation-background.png
[Mon Oct  5 10:27:13 2026] [::1]:63803 Closing
[Mon Oct  5 10:27:18 2026] [::1]:53987 Accepted
[Mon Oct  5 10:27:19 2026] [::1]:53987 [200]: GET /legislation_detail.php?id=151&popup=1
[Mon Oct  5 10:27:19 2026] [::1]:53987 Closing
[Mon Oct  5 10:27:19 2026] [::1]:53282 Accepted
[Mon Oct  5 10:27:19 2026] [::1]:62707 Accepted
[Mon Oct  5 10:27:19 2026] [::1]:53282 [200]: GET /assets/scroll-position.js?v=1791083171
[Mon Oct  5 10:27:19 2026] [::1]:60222 Accepted
[Mon Oct  5 10:27:19 2026] [::1]:62707 [200]: GET /assets/styles.css?v=1791129271
[Mon Oct  5 10:27:19 2026] [::1]:64159 Accepted
[Mon Oct  5 10:27:19 2026] [::1]:60222 [200]: GET /assets/splogo.jpg
[Mon Oct  5 10:27:19 2026] [::1]:64159 [200]: GET /assets/table-pagination.js
[Mon Oct  5 10:27:19 2026] [::1]:53282 Closing
[Mon Oct  5 10:27:19 2026] [::1]:62707 Closing
[Mon Oct  5 10:27:19 2026] [::1]:60222 Closing
[Mon Oct  5 10:27:19 2026] [::1]:64159 Closing
[Mon Oct  5 10:27:19 2026] [::1]:64535 Accepted
[Mon Oct  5 10:27:19 2026] [::1]:51549 Accepted
[Mon Oct  5 10:27:19 2026] [::1]:64535 [200]: GET /assets/record-search-suggestions.js
[Mon Oct  5 10:27:19 2026] [::1]:57418 Accepted
[Mon Oct  5 10:27:19 2026] [::1]:51549 [200]: GET /assets/attachment-validation.js
[Mon Oct  5 10:27:19 2026] [::1]:57418 [200]: GET /assets/system-windows.js?v=1791129283
[Mon Oct  5 10:27:19 2026] [::1]:64535 Closing
[Mon Oct  5 10:27:19 2026] [::1]:51549 Closing
[Mon Oct  5 10:27:19 2026] [::1]:57418 Closing
[Mon Oct  5 10:28:28 2026] [::1]:57100 Accepted
[Mon Oct  5 10:28:28 2026] [::1]:57100 [200]: GET /e-library_old.php
[Mon Oct  5 10:28:28 2026] [::1]:57100 Closing
[Mon Oct  5 10:28:28 2026] [::1]:59244 Accepted
[Mon Oct  5 10:28:28 2026] [::1]:50593 Accepted
[Mon Oct  5 10:28:28 2026] [::1]:59244 [200]: GET /assets/scroll-position.js?v=1791083171
[Mon Oct  5 10:28:28 2026] [::1]:58966 Accepted
[Mon Oct  5 10:28:28 2026] [::1]:50593 [200]: GET /assets/styles.css?v=1791129271
[Mon Oct  5 10:28:28 2026] [::1]:58173 Accepted
[Mon Oct  5 10:28:28 2026] [::1]:58966 [200]: GET /assets/splogo.jpg
[Mon Oct  5 10:28:28 2026] [::1]:58173 [200]: GET /assets/historical-legislation.js
[Mon Oct  5 10:28:28 2026] [::1]:59244 Closing
[Mon Oct  5 10:28:28 2026] [::1]:50593 Closing
[Mon Oct  5 10:28:28 2026] [::1]:58966 Closing
[Mon Oct  5 10:28:28 2026] [::1]:64145 Accepted
[Mon Oct  5 10:28:28 2026] [::1]:58173 Closing
[Mon Oct  5 10:28:28 2026] [::1]:52988 Accepted
[Mon Oct  5 10:28:28 2026] [::1]:64145 [200]: GET /assets/table-pagination.js
[Mon Oct  5 10:28:28 2026] [::1]:52788 Accepted
[Mon Oct  5 10:28:28 2026] [::1]:52988 [200]: GET /assets/record-search-suggestions.js
[Mon Oct  5 10:28:28 2026] [::1]:52788 [200]: GET /assets/attachment-validation.js
[Mon Oct  5 10:28:28 2026] [::1]:55058 Accepted
[Mon Oct  5 10:28:28 2026] [::1]:64145 Closing
[Mon Oct  5 10:28:28 2026] [::1]:55058 [200]: GET /assets/system-windows.js?v=1791129283
[Mon Oct  5 10:28:28 2026] [::1]:52988 Closing
[Mon Oct  5 10:28:28 2026] [::1]:52788 Closing
[Mon Oct  5 10:28:28 2026] [::1]:55058 Closing
[Mon Oct  5 10:30:04 2026] [::1]:63335 Accepted
[Mon Oct  5 10:30:04 2026] [::1]:63335 [200]: GET /legislation.php
[Mon Oct  5 10:30:04 2026] [::1]:63335 Closing
[Mon Oct  5 10:30:04 2026] [::1]:54897 Accepted
[Mon Oct  5 10:30:04 2026] [::1]:54897 [200]: GET /assets/scroll-position.js?v=1791083171
[Mon Oct  5 10:30:04 2026] [::1]:54235 Accepted
[Mon Oct  5 10:30:04 2026] [::1]:65417 Accepted
[Mon Oct  5 10:30:04 2026] [::1]:54235 [200]: GET /assets/styles.css?v=1791129271
[Mon Oct  5 10:30:04 2026] [::1]:58455 Accepted
[Mon Oct  5 10:30:04 2026] [::1]:65417 [200]: GET /assets/splogo.jpg
[Mon Oct  5 10:30:04 2026] [::1]:54897 Closing
[Mon Oct  5 10:30:04 2026] [::1]:58455 [200]: GET /assets/legislation-filters.js?v=1791043197
[Mon Oct  5 10:30:04 2026] [::1]:54235 Closing
[Mon Oct  5 10:30:04 2026] [::1]:65417 Closing
[Mon Oct  5 10:30:04 2026] [::1]:58455 Closing
[Mon Oct  5 10:30:04 2026] [::1]:63892 Accepted
[Mon Oct  5 10:30:04 2026] [::1]:64189 Accepted
[Mon Oct  5 10:30:04 2026] [::1]:53173 Accepted
[Mon Oct  5 10:30:04 2026] [::1]:63892 [200]: GET /assets/table-pagination.js
[Mon Oct  5 10:30:04 2026] [::1]:64189 [200]: GET /assets/record-search-suggestions.js
[Mon Oct  5 10:30:04 2026] [::1]:53173 [200]: GET /assets/attachment-validation.js
[Mon Oct  5 10:30:04 2026] [::1]:52404 Accepted
[Mon Oct  5 10:30:04 2026] [::1]:63892 Closing
[Mon Oct  5 10:30:04 2026] [::1]:52404 [200]: GET /assets/system-windows.js?v=1791129283
[Mon Oct  5 10:30:04 2026] [::1]:64189 Closing
[Mon Oct  5 10:30:04 2026] [::1]:53173 Closing
[Mon Oct  5 10:30:04 2026] [::1]:52404 Closing
[Mon Oct  5 10:30:04 2026] [::1]:60832 Accepted
[Mon Oct  5 10:30:04 2026] [::1]:60832 [200]: GET /assets/legislation-background.png
[Mon Oct  5 10:30:04 2026] [::1]:60832 Closing
[Mon Oct  5 10:30:49 2026] [::1]:56463 Accepted
[Mon Oct  5 10:30:49 2026] [::1]:63002 Accepted
[Mon Oct  5 10:30:49 2026] [::1]:56463 [200]: GET /legislation.php?search=resolution&term_id=0&kind=&author=&co_author=&category=
[Mon Oct  5 10:30:49 2026] [::1]:56463 Closing
[Mon Oct  5 10:30:49 2026] [::1]:52081 Accepted
[Mon Oct  5 10:30:49 2026] [::1]:52230 Accepted
[Mon Oct  5 10:30:49 2026] [::1]:54437 Accepted
[Mon Oct  5 10:30:49 2026] [::1]:63002 [200]: GET /assets/scroll-position.js?v=1791083171
[Mon Oct  5 10:30:49 2026] [::1]:52081 [200]: GET /assets/styles.css?v=1791129271
[Mon Oct  5 10:30:49 2026] [::1]:52230 [200]: GET /assets/splogo.jpg
[Mon Oct  5 10:30:49 2026] [::1]:54437 [200]: GET /assets/legislation-filters.js?v=1791043197
[Mon Oct  5 10:30:49 2026] [::1]:63002 Closing
[Mon Oct  5 10:30:49 2026] [::1]:52230 Closing
[Mon Oct  5 10:30:49 2026] [::1]:54437 Closing
[Mon Oct  5 10:30:49 2026] [::1]:52081 Closing
[Mon Oct  5 10:30:49 2026] [::1]:60750 Accepted
[Mon Oct  5 10:30:49 2026] [::1]:49670 Accepted
[Mon Oct  5 10:30:49 2026] [::1]:60750 [200]: GET /assets/table-pagination.js
[Mon Oct  5 10:30:49 2026] [::1]:49670 [200]: GET /assets/record-search-suggestions.js
[Mon Oct  5 10:30:49 2026] [::1]:60841 Accepted
[Mon Oct  5 10:30:49 2026] [::1]:61124 Accepted
[Mon Oct  5 10:30:49 2026] [::1]:60841 [200]: GET /assets/attachment-validation.js
[Mon Oct  5 10:30:49 2026] [::1]:61124 [200]: GET /assets/system-windows.js?v=1791129283
[Mon Oct  5 10:30:49 2026] [::1]:60750 Closing
[Mon Oct  5 10:30:49 2026] [::1]:49670 Closing
[Mon Oct  5 10:30:49 2026] [::1]:60841 Closing
[Mon Oct  5 10:30:49 2026] [::1]:61124 Closing
[Mon Oct  5 10:30:49 2026] [::1]:51873 Accepted
[Mon Oct  5 10:30:49 2026] [::1]:51873 [200]: GET /assets/legislation-background.png
[Mon Oct  5 10:30:49 2026] [::1]:51873 Closing
[Mon Oct  5 10:30:53 2026] [::1]:58068 Accepted
[Mon Oct  5 10:30:54 2026] [::1]:58068 [200]: GET /legislation.php?search=resolution&term_id=0&kind=&author=&co_author=&category=&download=pdf
[Mon Oct  5 10:30:54 2026] [::1]:58068 Closing
[Mon Oct  5 10:30:54 2026] [::1]:50784 Accepted
[Mon Oct  5 10:32:09 2026] [::1]:50784 Closed without sending a request; it was probably just an unused speculative preconnection
[Mon Oct  5 10:32:09 2026] [::1]:50784 Closing
[Mon Oct  5 10:32:09 2026] [::1]:60274 Accepted
[Mon Oct  5 10:32:10 2026] [::1]:60274 [200]: GET /elibrary.php
[Mon Oct  5 10:32:10 2026] [::1]:60274 Closing
[Mon Oct  5 10:32:10 2026] [::1]:63551 Accepted
[Mon Oct  5 10:32:10 2026] [::1]:63848 Accepted
[Mon Oct  5 10:32:10 2026] [::1]:62625 Accepted
[Mon Oct  5 10:32:10 2026] [::1]:63551 [200]: GET /assets/scroll-position.js?v=1791083171
[Mon Oct  5 10:32:10 2026] [::1]:63848 [200]: GET /assets/styles.css?v=1791129271
[Mon Oct  5 10:32:10 2026] [::1]:62625 [200]: GET /assets/splogo.jpg
[Mon Oct  5 10:32:10 2026] [::1]:61118 Accepted
[Mon Oct  5 10:32:10 2026] [::1]:61118 [200]: GET /assets/table-pagination.js
[Mon Oct  5 10:32:10 2026] [::1]:63551 Closing
[Mon Oct  5 10:32:10 2026] [::1]:62625 Closing
[Mon Oct  5 10:32:10 2026] [::1]:63848 Closing
[Mon Oct  5 10:32:10 2026] [::1]:61118 Closing
[Mon Oct  5 10:32:10 2026] [::1]:55772 Accepted
[Mon Oct  5 10:32:10 2026] [::1]:55772 [200]: GET /assets/record-search-suggestions.js
[Mon Oct  5 10:32:10 2026] [::1]:53859 Accepted
[Mon Oct  5 10:32:10 2026] [::1]:54368 Accepted
[Mon Oct  5 10:32:10 2026] [::1]:53859 [200]: GET /assets/attachment-validation.js
[Mon Oct  5 10:32:10 2026] [::1]:54368 [200]: GET /assets/system-windows.js?v=1791129283
[Mon Oct  5 10:32:10 2026] [::1]:55772 Closing
[Mon Oct  5 10:32:10 2026] [::1]:53859 Closing
[Mon Oct  5 10:32:10 2026] [::1]:54368 Closing
[Mon Oct  5 10:32:17 2026] [::1]:51257 Accepted
[Mon Oct  5 10:32:17 2026] [::1]:51257 [200]: GET /elibrary_form.php?record_id=56&kind=resolution
[Mon Oct  5 10:32:17 2026] [::1]:51257 Closing
[Mon Oct  5 10:32:17 2026] [::1]:62850 Accepted
[Mon Oct  5 10:32:17 2026] [::1]:62850 [200]: GET /assets/scroll-position.js?v=1791083171
[Mon Oct  5 10:32:17 2026] [::1]:64414 Accepted
[Mon Oct  5 10:32:17 2026] [::1]:60898 Accepted
[Mon Oct  5 10:32:17 2026] [::1]:53021 Accepted
[Mon Oct  5 10:32:17 2026] [::1]:62850 Closing
[Mon Oct  5 10:32:17 2026] [::1]:64414 [200]: GET /assets/styles.css?v=1791129271
[Mon Oct  5 10:32:17 2026] [::1]:60898 [200]: GET /assets/splogo.jpg
[Mon Oct  5 10:32:17 2026] [::1]:53021 [200]: GET /assets/table-pagination.js
[Mon Oct  5 10:32:17 2026] [::1]:60898 Closing
[Mon Oct  5 10:32:17 2026] [::1]:53021 Closing
[Mon Oct  5 10:32:17 2026] [::1]:58316 Accepted
[Mon Oct  5 10:32:17 2026] [::1]:64414 Closing
[Mon Oct  5 10:32:17 2026] [::1]:54581 Accepted
[Mon Oct  5 10:32:17 2026] [::1]:55185 Accepted
[Mon Oct  5 10:32:17 2026] [::1]:58316 [200]: GET /assets/record-search-suggestions.js
[Mon Oct  5 10:32:17 2026] [::1]:54581 [200]: GET /assets/attachment-validation.js
[Mon Oct  5 10:32:17 2026] [::1]:55185 [200]: GET /assets/system-windows.js?v=1791129283
[Mon Oct  5 10:32:17 2026] [::1]:58316 Closing
[Mon Oct  5 10:32:17 2026] [::1]:54581 Closing
[Mon Oct  5 10:32:17 2026] [::1]:55185 Closing
[Mon Oct  5 10:33:37 2026] [::1]:57483 Accepted
[Mon Oct  5 10:33:37 2026] [::1]:57483 [200]: GET /e-library_old.php
[Mon Oct  5 10:33:37 2026] [::1]:57483 Closing
[Mon Oct  5 10:33:37 2026] [::1]:49869 Accepted
[Mon Oct  5 10:33:37 2026] [::1]:59910 Accepted
[Mon Oct  5 10:33:37 2026] [::1]:49869 [200]: GET /assets/scroll-position.js?v=1791083171
[Mon Oct  5 10:33:37 2026] [::1]:49862 Accepted
[Mon Oct  5 10:33:37 2026] [::1]:59910 [200]: GET /assets/styles.css?v=1791129271
[Mon Oct  5 10:33:37 2026] [::1]:54779 Accepted
[Mon Oct  5 10:33:37 2026] [::1]:49862 [200]: GET /assets/splogo.jpg
[Mon Oct  5 10:33:37 2026] [::1]:54779 [200]: GET /assets/historical-legislation.js
[Mon Oct  5 10:33:37 2026] [::1]:49869 Closing
[Mon Oct  5 10:33:37 2026] [::1]:59910 Closing
[Mon Oct  5 10:33:37 2026] [::1]:49862 Closing
[Mon Oct  5 10:33:37 2026] [::1]:54860 Accepted
[Mon Oct  5 10:33:37 2026] [::1]:54779 Closing
[Mon Oct  5 10:33:37 2026] [::1]:58621 Accepted
[Mon Oct  5 10:33:37 2026] [::1]:54860 [200]: GET /assets/table-pagination.js
[Mon Oct  5 10:33:37 2026] [::1]:64364 Accepted
[Mon Oct  5 10:33:37 2026] [::1]:58621 [200]: GET /assets/record-search-suggestions.js
[Mon Oct  5 10:33:37 2026] [::1]:64974 Accepted
[Mon Oct  5 10:33:37 2026] [::1]:64364 [200]: GET /assets/attachment-validation.js
[Mon Oct  5 10:33:37 2026] [::1]:64974 [200]: GET /assets/system-windows.js?v=1791129283
[Mon Oct  5 10:33:37 2026] [::1]:54860 Closing
[Mon Oct  5 10:33:37 2026] [::1]:58621 Closing
[Mon Oct  5 10:33:37 2026] [::1]:64364 Closing
[Mon Oct  5 10:33:37 2026] [::1]:64974 Closing
[Mon Oct  5 10:33:42 2026] [::1]:58177 Accepted
[Mon Oct  5 10:33:42 2026] [::1]:58177 [200]: GET /e-library_old.php?edit=290
[Mon Oct  5 10:33:42 2026] [::1]:58177 Closing
[Mon Oct  5 10:33:42 2026] [::1]:65275 Accepted
[Mon Oct  5 10:33:42 2026] [::1]:55666 Accepted
[Mon Oct  5 10:33:42 2026] [::1]:65275 [200]: GET /assets/scroll-position.js?v=1791083171
[Mon Oct  5 10:33:42 2026] [::1]:54639 Accepted
[Mon Oct  5 10:33:42 2026] [::1]:55666 [200]: GET /assets/styles.css?v=1791129271
[Mon Oct  5 10:33:42 2026] [::1]:53138 Accepted
[Mon Oct  5 10:33:42 2026] [::1]:54639 [200]: GET /assets/splogo.jpg
[Mon Oct  5 10:33:42 2026] [::1]:53138 [200]: GET /assets/historical-legislation.js
[Mon Oct  5 10:33:42 2026] [::1]:65275 Closing
[Mon Oct  5 10:33:42 2026] [::1]:55666 Closing
[Mon Oct  5 10:33:42 2026] [::1]:54639 Closing
[Mon Oct  5 10:33:42 2026] [::1]:53138 Closing
[Mon Oct  5 10:33:42 2026] [::1]:50389 Accepted
[Mon Oct  5 10:33:42 2026] [::1]:50389 [200]: GET /assets/table-pagination.js
[Mon Oct  5 10:33:42 2026] [::1]:53810 Accepted
[Mon Oct  5 10:33:42 2026] [::1]:61125 Accepted
[Mon Oct  5 10:33:42 2026] [::1]:52728 Accepted
[Mon Oct  5 10:33:42 2026] [::1]:53810 [200]: GET /assets/record-search-suggestions.js
[Mon Oct  5 10:33:42 2026] [::1]:61125 [200]: GET /assets/attachment-validation.js
[Mon Oct  5 10:33:42 2026] [::1]:50389 Closing
[Mon Oct  5 10:33:42 2026] [::1]:52728 [200]: GET /assets/system-windows.js?v=1791129283
[Mon Oct  5 10:33:42 2026] [::1]:53810 Closing
[Mon Oct  5 10:33:42 2026] [::1]:61125 Closing
[Mon Oct  5 10:33:42 2026] [::1]:52728 Closing
[Mon Oct  5 10:33:48 2026] [::1]:52316 Accepted
[Mon Oct  5 10:33:48 2026] [::1]:52316 [302]: POST /e-library_old.php?edit=290
[Mon Oct  5 10:33:48 2026] [::1]:52316 Closing
[Mon Oct  5 10:33:48 2026] [::1]:54874 Accepted
[Mon Oct  5 10:33:48 2026] [::1]:54874 [200]: GET /elibrary_review.php?id=290
[Mon Oct  5 10:33:48 2026] [::1]:54874 Closing
[Mon Oct  5 10:33:48 2026] [::1]:60327 Accepted
[Mon Oct  5 10:33:48 2026] [::1]:59237 Accepted
[Mon Oct  5 10:33:48 2026] [::1]:49670 Accepted
[Mon Oct  5 10:33:48 2026] [::1]:60327 [200]: GET /assets/styles.css?v=1791129271
[Mon Oct  5 10:33:48 2026] [::1]:59237 [200]: GET /assets/scroll-position.js?v=1791083171
[Mon Oct  5 10:33:48 2026] [::1]:50439 Accepted
[Mon Oct  5 10:33:48 2026] [::1]:49670 [200]: GET /assets/splogo.jpg
[Mon Oct  5 10:33:48 2026] [::1]:50439 [200]: GET /assets/table-pagination.js
[Mon Oct  5 10:33:48 2026] [::1]:59237 Closing
[Mon Oct  5 10:33:48 2026] [::1]:60327 Closing
[Mon Oct  5 10:33:48 2026] [::1]:49670 Closing
[Mon Oct  5 10:33:48 2026] [::1]:50439 Closing
[Mon Oct  5 10:33:48 2026] [::1]:50119 Accepted
[Mon Oct  5 10:33:48 2026] [::1]:55541 Accepted
[Mon Oct  5 10:33:48 2026] [::1]:50119 [200]: GET /assets/record-search-suggestions.js
[Mon Oct  5 10:33:48 2026] [::1]:54573 Accepted
[Mon Oct  5 10:33:48 2026] [::1]:55541 [200]: GET /assets/attachment-validation.js
[Mon Oct  5 10:33:48 2026] [::1]:54573 [200]: GET /assets/system-windows.js?v=1791129283
[Mon Oct  5 10:33:48 2026] [::1]:50119 Closing
[Mon Oct  5 10:33:48 2026] [::1]:55541 Closing
[Mon Oct  5 10:33:48 2026] [::1]:54573 Closing
[Mon Oct  5 10:33:52 2026] [::1]:54513 Accepted
[Mon Oct  5 10:33:53 2026] [::1]:54513 [200]: GET /e-library_old.php?edit=290
[Mon Oct  5 10:33:53 2026] [::1]:54513 Closing
[Mon Oct  5 10:33:53 2026] [::1]:52192 Accepted
[Mon Oct  5 10:33:53 2026] [::1]:53392 Accepted
[Mon Oct  5 10:33:53 2026] [::1]:52192 [200]: GET /assets/scroll-position.js?v=1791083171
[Mon Oct  5 10:33:53 2026] [::1]:60918 Accepted
[Mon Oct  5 10:33:53 2026] [::1]:53392 [200]: GET /assets/styles.css?v=1791129271
[Mon Oct  5 10:33:53 2026] [::1]:61319 Accepted
[Mon Oct  5 10:33:53 2026] [::1]:60918 [200]: GET /assets/splogo.jpg
[Mon Oct  5 10:33:53 2026] [::1]:61319 [200]: GET /assets/historical-legislation.js
[Mon Oct  5 10:33:53 2026] [::1]:52192 Closing
[Mon Oct  5 10:33:53 2026] [::1]:53392 Closing
[Mon Oct  5 10:33:53 2026] [::1]:60918 Closing
[Mon Oct  5 10:33:53 2026] [::1]:61319 Closing
[Mon Oct  5 10:33:53 2026] [::1]:52750 Accepted
[Mon Oct  5 10:33:53 2026] [::1]:52387 Accepted
[Mon Oct  5 10:33:53 2026] [::1]:52267 Accepted
[Mon Oct  5 10:33:53 2026] [::1]:52750 [200]: GET /assets/table-pagination.js
[Mon Oct  5 10:33:53 2026] [::1]:52387 [200]: GET /assets/record-search-suggestions.js
[Mon Oct  5 10:33:53 2026] [::1]:52267 [200]: GET /assets/attachment-validation.js
[Mon Oct  5 10:33:53 2026] [::1]:52750 Closing
[Mon Oct  5 10:33:53 2026] [::1]:64745 Accepted
[Mon Oct  5 10:33:53 2026] [::1]:52387 Closing
[Mon Oct  5 10:33:53 2026] [::1]:52267 Closing
[Mon Oct  5 10:33:53 2026] [::1]:64745 [200]: GET /assets/system-windows.js?v=1791129283
[Mon Oct  5 10:33:53 2026] [::1]:64745 Closing
[Mon Oct  5 10:36:08 2026] [::1]:62440 Accepted
[Mon Oct  5 10:36:08 2026] [::1]:62440 [302]: GET /logout.php
[Mon Oct  5 10:36:08 2026] [::1]:62440 Closing
[Mon Oct  5 10:36:08 2026] [::1]:49670 Accepted
[Mon Oct  5 10:36:08 2026] [::1]:49670 [200]: GET /login.php
[Mon Oct  5 10:36:08 2026] [::1]:49670 Closing
[Mon Oct  5 10:36:08 2026] [::1]:52116 Accepted
[Mon Oct  5 10:36:08 2026] [::1]:52227 Accepted
[Mon Oct  5 10:36:08 2026] [::1]:60654 Accepted
[Mon Oct  5 10:36:08 2026] [::1]:64644 Accepted
[Mon Oct  5 10:36:08 2026] [::1]:60991 Accepted
[Mon Oct  5 10:36:08 2026] [::1]:52116 [200]: GET /assets/styles.css?v=1791129271
[Mon Oct  5 10:36:08 2026] [::1]:52227 [200]: GET /assets/scroll-position.js?v=1791083171
[Mon Oct  5 10:36:08 2026] [::1]:60654 [200]: GET /assets/table-pagination.js
[Mon Oct  5 10:36:08 2026] [::1]:60737 Accepted
[Mon Oct  5 10:36:08 2026] [::1]:64644 [200]: GET /assets/record-search-suggestions.js
[Mon Oct  5 10:36:08 2026] [::1]:60991 [200]: GET /assets/attachment-validation.js
[Mon Oct  5 10:36:08 2026] [::1]:60737 [200]: GET /assets/system-windows.js?v=1791129283
[Mon Oct  5 10:36:08 2026] [::1]:52227 Closing
[Mon Oct  5 10:36:08 2026] [::1]:60654 Closing
[Mon Oct  5 10:36:08 2026] [::1]:52116 Closing
[Mon Oct  5 10:36:08 2026] [::1]:64644 Closing
[Mon Oct  5 10:36:08 2026] [::1]:60991 Closing
[Mon Oct  5 10:36:08 2026] [::1]:60737 Closing
[Mon Oct  5 10:36:08 2026] [::1]:56019 Accepted
[Mon Oct  5 10:36:08 2026] [::1]:56019 [200]: GET /assets/database-technology-background.jpg
[Mon Oct  5 10:36:08 2026] [::1]:56019 Closing
[Mon Oct  5 10:36:18 2026] [::1]:52810 Accepted
[Mon Oct  5 10:36:18 2026] [::1]:52810 [302]: POST /login.php
[Mon Oct  5 10:36:18 2026] [::1]:52810 Closing
[Mon Oct  5 10:36:18 2026] [::1]:52893 Accepted
[Mon Oct  5 10:36:18 2026] [::1]:52893 [200]: GET /dashboard.php
[Mon Oct  5 10:36:18 2026] [::1]:52893 Closing
[Mon Oct  5 10:36:18 2026] [::1]:65230 Accepted
[Mon Oct  5 10:36:18 2026] [::1]:50060 Accepted
[Mon Oct  5 10:36:18 2026] [::1]:65230 [200]: GET /assets/styles.css?v=1791129271
[Mon Oct  5 10:36:18 2026] [::1]:60778 Accepted
[Mon Oct  5 10:36:18 2026] [::1]:50060 [200]: GET /assets/scroll-position.js?v=1791083171
[Mon Oct  5 10:36:18 2026] [::1]:54126 Accepted
[Mon Oct  5 10:36:18 2026] [::1]:60778 [200]: GET /assets/splogo.jpg
[Mon Oct  5 10:36:18 2026] [::1]:54126 [200]: GET /assets/table-pagination.js
[Mon Oct  5 10:36:18 2026] [::1]:65230 Closing
[Mon Oct  5 10:36:18 2026] [::1]:50060 Closing
[Mon Oct  5 10:36:18 2026] [::1]:60778 Closing
[Mon Oct  5 10:36:18 2026] [::1]:65377 Accepted
[Mon Oct  5 10:36:18 2026] [::1]:54126 Closing
[Mon Oct  5 10:36:18 2026] [::1]:56296 Accepted
[Mon Oct  5 10:36:18 2026] [::1]:65377 [200]: GET /assets/record-search-suggestions.js
[Mon Oct  5 10:36:18 2026] [::1]:53702 Accepted
[Mon Oct  5 10:36:18 2026] [::1]:56296 [200]: GET /assets/attachment-validation.js
[Mon Oct  5 10:36:18 2026] [::1]:53702 [200]: GET /assets/system-windows.js?v=1791129283
[Mon Oct  5 10:36:18 2026] [::1]:65377 Closing
[Mon Oct  5 10:36:18 2026] [::1]:56296 Closing
[Mon Oct  5 10:36:18 2026] [::1]:53702 Closing
[Mon Oct  5 10:36:35 2026] [::1]:52966 Accepted
[Mon Oct  5 10:36:35 2026] [::1]:63372 Accepted
[Mon Oct  5 10:36:35 2026] [::1]:52966 [200]: GET /dashboard.php?monitor_role=administrative_support
[Mon Oct  5 10:36:35 2026] [::1]:52966 Closing
[Mon Oct  5 10:36:35 2026] [::1]:60486 Accepted
[Mon Oct  5 10:36:35 2026] [::1]:63372 [200]: GET /assets/scroll-position.js?v=1791083171
[Mon Oct  5 10:36:35 2026] [::1]:58780 Accepted
[Mon Oct  5 10:36:35 2026] [::1]:60486 [200]: GET /assets/styles.css?v=1791129271
[Mon Oct  5 10:36:35 2026] [::1]:60694 Accepted
[Mon Oct  5 10:36:35 2026] [::1]:58780 [200]: GET /assets/splogo.jpg
[Mon Oct  5 10:36:35 2026] [::1]:60694 [200]: GET /assets/table-pagination.js
[Mon Oct  5 10:36:35 2026] [::1]:63372 Closing
[Mon Oct  5 10:36:35 2026] [::1]:60486 Closing
[Mon Oct  5 10:36:35 2026] [::1]:58780 Closing
[Mon Oct  5 10:36:35 2026] [::1]:60694 Closing
[Mon Oct  5 10:36:35 2026] [::1]:54071 Accepted
[Mon Oct  5 10:36:35 2026] [::1]:55068 Accepted
[Mon Oct  5 10:36:35 2026] [::1]:59497 Accepted
[Mon Oct  5 10:36:35 2026] [::1]:54071 [200]: GET /assets/record-search-suggestions.js
[Mon Oct  5 10:36:35 2026] [::1]:55068 [200]: GET /assets/system-windows.js?v=1791129283
[Mon Oct  5 10:36:35 2026] [::1]:59497 [200]: GET /assets/attachment-validation.js
[Mon Oct  5 10:36:35 2026] [::1]:54071 Closing
[Mon Oct  5 10:36:35 2026] [::1]:55068 Closing
[Mon Oct  5 10:36:35 2026] [::1]:59497 Closing
[Mon Oct  5 10:37:08 2026] [::1]:50552 Accepted
[Mon Oct  5 10:37:08 2026] [::1]:50552 [200]: GET /terms.php
[Mon Oct  5 10:37:08 2026] [::1]:50552 Closing
[Mon Oct  5 10:37:08 2026] [::1]:49670 Accepted
[Mon Oct  5 10:37:08 2026] [::1]:59769 Accepted
[Mon Oct  5 10:37:08 2026] [::1]:50394 Accepted
[Mon Oct  5 10:37:08 2026] [::1]:49670 [200]: GET /assets/scroll-position.js?v=1791083171
[Mon Oct  5 10:37:08 2026] [::1]:64869 Accepted
[Mon Oct  5 10:37:08 2026] [::1]:59769 [200]: GET /assets/splogo.jpg
[Mon Oct  5 10:37:08 2026] [::1]:50394 [200]: GET /assets/styles.css?v=1791129271
[Mon Oct  5 10:37:08 2026] [::1]:64869 [200]: GET /assets/table-pagination.js
[Mon Oct  5 10:37:08 2026] [::1]:49670 Closing
[Mon Oct  5 10:37:08 2026] [::1]:59769 Closing
[Mon Oct  5 10:37:08 2026] [::1]:50394 Closing
[Mon Oct  5 10:37:08 2026] [::1]:64869 Closing
[Mon Oct  5 10:37:08 2026] [::1]:61319 Accepted
[Mon Oct  5 10:37:08 2026] [::1]:53493 Accepted
[Mon Oct  5 10:37:08 2026] [::1]:61319 [200]: GET /assets/record-search-suggestions.js
[Mon Oct  5 10:37:08 2026] [::1]:62504 Accepted
[Mon Oct  5 10:37:08 2026] [::1]:53493 [200]: GET /assets/attachment-validation.js
[Mon Oct  5 10:37:08 2026] [::1]:62504 [200]: GET /assets/system-windows.js?v=1791129283
[Mon Oct  5 10:37:08 2026] [::1]:61319 Closing
[Mon Oct  5 10:37:08 2026] [::1]:53493 Closing
[Mon Oct  5 10:37:08 2026] [::1]:62504 Closing
[Mon Oct  5 10:37:24 2026] [::1]:57300 Accepted
[Mon Oct  5 10:37:24 2026] [::1]:57300 [200]: GET /councilors.php
[Mon Oct  5 10:37:24 2026] [::1]:57300 Closing
[Mon Oct  5 10:37:24 2026] [::1]:58173 Accepted
[Mon Oct  5 10:37:24 2026] [::1]:54041 Accepted
[Mon Oct  5 10:37:24 2026] [::1]:64687 Accepted
[Mon Oct  5 10:37:24 2026] [::1]:58173 [200]: GET /assets/scroll-position.js?v=1791083171
[Mon Oct  5 10:37:24 2026] [::1]:54153 Accepted
[Mon Oct  5 10:37:24 2026] [::1]:54041 [200]: GET /assets/styles.css?v=1791129271
[Mon Oct  5 10:37:24 2026] [::1]:64687 [200]: GET /assets/splogo.jpg
[Mon Oct  5 10:37:24 2026] [::1]:54153 [200]: GET /assets/table-pagination.js
[Mon Oct  5 10:37:24 2026] [::1]:58173 Closing
[Mon Oct  5 10:37:24 2026] [::1]:64687 Closing
[Mon Oct  5 10:37:24 2026] [::1]:54041 Closing
[Mon Oct  5 10:37:24 2026] [::1]:54153 Closing
[Mon Oct  5 10:37:24 2026] [::1]:59513 Accepted
[Mon Oct  5 10:37:24 2026] [::1]:63656 Accepted
[Mon Oct  5 10:37:24 2026] [::1]:59513 [200]: GET /assets/record-search-suggestions.js
[Mon Oct  5 10:37:24 2026] [::1]:51344 Accepted
[Mon Oct  5 10:37:24 2026] [::1]:63656 [200]: GET /assets/attachment-validation.js
[Mon Oct  5 10:37:24 2026] [::1]:51344 [200]: GET /assets/system-windows.js?v=1791129283
[Mon Oct  5 10:37:24 2026] [::1]:59513 Closing
[Mon Oct  5 10:37:24 2026] [::1]:63656 Closing
[Mon Oct  5 10:37:24 2026] [::1]:51344 Closing
[Mon Oct  5 10:37:42 2026] [::1]:59302 Accepted
[Mon Oct  5 10:37:42 2026] [::1]:59302 [200]: GET /committees.php
[Mon Oct  5 10:37:42 2026] [::1]:59302 Closing
[Mon Oct  5 10:37:42 2026] [::1]:64409 Accepted
[Mon Oct  5 10:37:42 2026] [::1]:62817 Accepted
[Mon Oct  5 10:37:42 2026] [::1]:64941 Accepted
[Mon Oct  5 10:37:42 2026] [::1]:64409 [200]: GET /assets/scroll-position.js?v=1791083171
[Mon Oct  5 10:37:42 2026] [::1]:50592 Accepted
[Mon Oct  5 10:37:42 2026] [::1]:62817 [200]: GET /assets/styles.css?v=1791129271
[Mon Oct  5 10:37:42 2026] [::1]:64941 [200]: GET /assets/splogo.jpg
[Mon Oct  5 10:37:42 2026] [::1]:50592 [200]: GET /assets/table-pagination.js
[Mon Oct  5 10:37:42 2026] [::1]:64409 Closing
[Mon Oct  5 10:37:42 2026] [::1]:64941 Closing
[Mon Oct  5 10:37:42 2026] [::1]:62817 Closing
[Mon Oct  5 10:37:42 2026] [::1]:50592 Closing
[Mon Oct  5 10:37:42 2026] [::1]:52866 Accepted
[Mon Oct  5 10:37:42 2026] [::1]:52866 [200]: GET /assets/record-search-suggestions.js
[Mon Oct  5 10:37:42 2026] [::1]:52866 Closing
[Mon Oct  5 10:37:42 2026] [::1]:60438 Accepted
[Mon Oct  5 10:37:42 2026] [::1]:57246 Accepted
[Mon Oct  5 10:37:42 2026] [::1]:60438 [200]: GET /assets/attachment-validation.js
[Mon Oct  5 10:37:42 2026] [::1]:57246 [200]: GET /assets/system-windows.js?v=1791129283
[Mon Oct  5 10:37:42 2026] [::1]:60438 Closing
[Mon Oct  5 10:37:42 2026] [::1]:57246 Closing
[Mon Oct  5 10:38:17 2026] [::1]:52312 Accepted
[Mon Oct  5 10:38:17 2026] [::1]:52312 [200]: GET /committees.php?term_id=32
[Mon Oct  5 10:38:17 2026] [::1]:52312 Closing
[Mon Oct  5 10:38:17 2026] [::1]:63851 Accepted
[Mon Oct  5 10:38:17 2026] [::1]:55859 Accepted
[Mon Oct  5 10:38:17 2026] [::1]:59079 Accepted
[Mon Oct  5 10:38:17 2026] [::1]:63851 [200]: GET /assets/styles.css?v=1791129271
[Mon Oct  5 10:38:17 2026] [::1]:55859 [200]: GET /assets/scroll-position.js?v=1791083171
[Mon Oct  5 10:38:17 2026] [::1]:52064 Accepted
[Mon Oct  5 10:38:17 2026] [::1]:59079 [200]: GET /assets/splogo.jpg
[Mon Oct  5 10:38:17 2026] [::1]:52064 [200]: GET /assets/table-pagination.js
[Mon Oct  5 10:38:17 2026] [::1]:55859 Closing
[Mon Oct  5 10:38:17 2026] [::1]:63851 Closing
[Mon Oct  5 10:38:17 2026] [::1]:59079 Closing
[Mon Oct  5 10:38:17 2026] [::1]:52064 Closing
[Mon Oct  5 10:38:17 2026] [::1]:50927 Accepted
[Mon Oct  5 10:38:17 2026] [::1]:51977 Accepted
[Mon Oct  5 10:38:17 2026] [::1]:50927 [200]: GET /assets/record-search-suggestions.js
[Mon Oct  5 10:38:17 2026] [::1]:53607 Accepted
[Mon Oct  5 10:38:17 2026] [::1]:51977 [200]: GET /assets/attachment-validation.js
[Mon Oct  5 10:38:17 2026] [::1]:53607 [200]: GET /assets/system-windows.js?v=1791129283
[Mon Oct  5 10:38:17 2026] [::1]:50927 Closing
[Mon Oct  5 10:38:17 2026] [::1]:51977 Closing
[Mon Oct  5 10:38:17 2026] [::1]:53607 Closing
[Mon Oct  5 10:38:20 2026] [::1]:61108 Accepted
[Mon Oct  5 10:38:20 2026] [::1]:61108 [200]: GET /committees.php?term_id=33
[Mon Oct  5 10:38:20 2026] [::1]:61108 Closing
[Mon Oct  5 10:38:20 2026] [::1]:52367 Accepted
[Mon Oct  5 10:38:20 2026] [::1]:61268 Accepted
[Mon Oct  5 10:38:20 2026] [::1]:60684 Accepted
[Mon Oct  5 10:38:20 2026] [::1]:52367 [200]: GET /assets/styles.css?v=1791129271
[Mon Oct  5 10:38:20 2026] [::1]:58177 Accepted
[Mon Oct  5 10:38:20 2026] [::1]:61268 [200]: GET /assets/splogo.jpg
[Mon Oct  5 10:38:20 2026] [::1]:60684 [200]: GET /assets/scroll-position.js?v=1791083171
[Mon Oct  5 10:38:20 2026] [::1]:58177 [200]: GET /assets/table-pagination.js
[Mon Oct  5 10:38:20 2026] [::1]:52367 Closing
[Mon Oct  5 10:38:20 2026] [::1]:61268 Closing
[Mon Oct  5 10:38:20 2026] [::1]:60684 Closing
[Mon Oct  5 10:38:20 2026] [::1]:58177 Closing
[Mon Oct  5 10:38:20 2026] [::1]:49196 Accepted
[Mon Oct  5 10:38:20 2026] [::1]:49196 [200]: GET /assets/record-search-suggestions.js
[Mon Oct  5 10:38:20 2026] [::1]:55484 Accepted
[Mon Oct  5 10:38:20 2026] [::1]:61873 Accepted
[Mon Oct  5 10:38:20 2026] [::1]:55484 [200]: GET /assets/attachment-validation.js
[Mon Oct  5 10:38:20 2026] [::1]:61873 [200]: GET /assets/system-windows.js?v=1791129283
[Mon Oct  5 10:38:20 2026] [::1]:49196 Closing
[Mon Oct  5 10:38:20 2026] [::1]:55484 Closing
[Mon Oct  5 10:38:20 2026] [::1]:61873 Closing
[Mon Oct  5 10:38:55 2026] [::1]:59770 Accepted
[Mon Oct  5 10:38:55 2026] [::1]:59770 [200]: GET /committees.php
[Mon Oct  5 10:38:55 2026] [::1]:59770 Closing
[Mon Oct  5 10:38:55 2026] [::1]:57780 Accepted
[Mon Oct  5 10:38:55 2026] [::1]:54480 Accepted
[Mon Oct  5 10:38:55 2026] [::1]:57780 [200]: GET /assets/splogo.jpg
[Mon Oct  5 10:38:55 2026] [::1]:52267 Accepted
[Mon Oct  5 10:38:55 2026] [::1]:54480 [200]: GET /assets/scroll-position.js?v=1791083171
[Mon Oct  5 10:38:55 2026] [::1]:51530 Accepted
[Mon Oct  5 10:38:55 2026] [::1]:52267 [200]: GET /assets/styles.css?v=1791129271
[Mon Oct  5 10:38:55 2026] [::1]:51530 [200]: GET /assets/table-pagination.js
[Mon Oct  5 10:38:55 2026] [::1]:57780 Closing
[Mon Oct  5 10:38:55 2026] [::1]:56705 Accepted
[Mon Oct  5 10:38:55 2026] [::1]:54480 Closing
[Mon Oct  5 10:38:55 2026] [::1]:56705 [200]: GET /assets/record-search-suggestions.js
[Mon Oct  5 10:38:55 2026] [::1]:52197 Accepted
[Mon Oct  5 10:38:55 2026] [::1]:52267 Closing
[Mon Oct  5 10:38:55 2026] [::1]:51530 Closing
[Mon Oct  5 10:38:55 2026] [::1]:57606 Accepted
[Mon Oct  5 10:38:55 2026] [::1]:52197 [200]: GET /assets/attachment-validation.js
[Mon Oct  5 10:38:55 2026] [::1]:57606 [200]: GET /assets/system-windows.js?v=1791129283
[Mon Oct  5 10:38:55 2026] [::1]:56705 Closing
[Mon Oct  5 10:38:55 2026] [::1]:52197 Closing
[Mon Oct  5 10:38:55 2026] [::1]:57606 Closing
[Mon Oct  5 10:39:07 2026] [::1]:61486 Accepted
[Mon Oct  5 10:39:07 2026] [::1]:61486 [200]: GET /committees.php?edit=32&term_id=2
[Mon Oct  5 10:39:07 2026] [::1]:61486 Closing
[Mon Oct  5 10:39:07 2026] [::1]:51149 Accepted
[Mon Oct  5 10:39:07 2026] [::1]:56003 Accepted
[Mon Oct  5 10:39:07 2026] [::1]:53526 Accepted
[Mon Oct  5 10:39:07 2026] [::1]:51149 [200]: GET /assets/styles.css?v=1791129271
[Mon Oct  5 10:39:07 2026] [::1]:53689 Accepted
[Mon Oct  5 10:39:07 2026] [::1]:56003 [200]: GET /assets/scroll-position.js?v=1791083171
[Mon Oct  5 10:39:07 2026] [::1]:53526 [200]: GET /assets/splogo.jpg
[Mon Oct  5 10:39:07 2026] [::1]:53689 [200]: GET /assets/table-pagination.js
[Mon Oct  5 10:39:07 2026] [::1]:51149 Closing
[Mon Oct  5 10:39:07 2026] [::1]:56003 Closing
[Mon Oct  5 10:39:07 2026] [::1]:53526 Closing
[Mon Oct  5 10:39:07 2026] [::1]:53689 Closing
[Mon Oct  5 10:39:07 2026] [::1]:64156 Accepted
[Mon Oct  5 10:39:07 2026] [::1]:64156 [200]: GET /assets/record-search-suggestions.js
[Mon Oct  5 10:39:07 2026] [::1]:61101 Accepted
[Mon Oct  5 10:39:07 2026] [::1]:58704 Accepted
[Mon Oct  5 10:39:07 2026] [::1]:61101 [200]: GET /assets/attachment-validation.js
[Mon Oct  5 10:39:07 2026] [::1]:58704 [200]: GET /assets/system-windows.js?v=1791129283
[Mon Oct  5 10:39:07 2026] [::1]:64156 Closing
[Mon Oct  5 10:39:07 2026] [::1]:61101 Closing
[Mon Oct  5 10:39:07 2026] [::1]:58704 Closing
[Mon Oct  5 14:14:03 2026] [::1]:52847 Accepted
[Mon Oct  5 14:14:03 2026] [::1]:52847 [200]: GET /elibrary_categories.php
[Mon Oct  5 14:14:03 2026] [::1]:52847 Closing
[Mon Oct  5 14:14:03 2026] [::1]:64348 Accepted
[Mon Oct  5 14:14:03 2026] [::1]:64348 [200]: GET /assets/scroll-position.js?v=1791083171
[Mon Oct  5 14:14:03 2026] [::1]:63769 Accepted
[Mon Oct  5 14:14:03 2026] [::1]:59175 Accepted
[Mon Oct  5 14:14:03 2026] [::1]:63769 [200]: GET /assets/styles.css?v=1791129271
[Mon Oct  5 14:14:03 2026] [::1]:64522 Accepted
[Mon Oct  5 14:14:03 2026] [::1]:59175 [200]: GET /assets/splogo.jpg
[Mon Oct  5 14:14:03 2026] [::1]:64348 Closing
[Mon Oct  5 14:14:03 2026] [::1]:64522 [200]: GET /assets/table-pagination.js
[Mon Oct  5 14:14:03 2026] [::1]:51802 Accepted
[Mon Oct  5 14:14:03 2026] [::1]:64412 Accepted
[Mon Oct  5 14:14:03 2026] [::1]:51802 [200]: GET /assets/record-search-suggestions.js
[Mon Oct  5 14:14:03 2026] [::1]:63769 Closing
[Mon Oct  5 14:14:03 2026] [::1]:59175 Closing
[Mon Oct  5 14:14:03 2026] [::1]:63885 Accepted
[Mon Oct  5 14:14:03 2026] [::1]:64412 [200]: GET /assets/attachment-validation.js
[Mon Oct  5 14:14:03 2026] [::1]:64522 Closing
[Mon Oct  5 14:14:03 2026] [::1]:63885 [200]: GET /assets/system-windows.js?v=1791129283
[Mon Oct  5 14:14:03 2026] [::1]:51802 Closing
[Mon Oct  5 14:14:03 2026] [::1]:64412 Closing
[Mon Oct  5 14:14:03 2026] [::1]:63885 Closing
[Mon Oct  5 14:14:09 2026] [::1]:54108 Accepted
[Mon Oct  5 14:14:09 2026] [::1]:54108 [200]: GET /legislation.php
[Mon Oct  5 14:14:09 2026] [::1]:54108 Closing
[Mon Oct  5 14:14:09 2026] [::1]:60148 Accepted
[Mon Oct  5 14:14:09 2026] [::1]:50823 Accepted
[Mon Oct  5 14:14:09 2026] [::1]:63273 Accepted
[Mon Oct  5 14:14:09 2026] [::1]:60148 [200]: GET /assets/scroll-position.js?v=1791083171
[Mon Oct  5 14:14:09 2026] [::1]:50823 [200]: GET /assets/styles.css?v=1791129271
[Mon Oct  5 14:14:09 2026] [::1]:50060 Accepted
[Mon Oct  5 14:14:09 2026] [::1]:63273 [200]: GET /assets/splogo.jpg
[Mon Oct  5 14:14:09 2026] [::1]:50060 [200]: GET /assets/legislation-filters.js?v=1791043197
[Mon Oct  5 14:14:09 2026] [::1]:60148 Closing
[Mon Oct  5 14:14:09 2026] [::1]:50823 Closing
[Mon Oct  5 14:14:09 2026] [::1]:63273 Closing
[Mon Oct  5 14:14:09 2026] [::1]:50060 Closing
[Mon Oct  5 14:14:09 2026] [::1]:52780 Accepted
[Mon Oct  5 14:14:09 2026] [::1]:58366 Accepted
[Mon Oct  5 14:14:09 2026] [::1]:52780 [200]: GET /assets/table-pagination.js
[Mon Oct  5 14:14:09 2026] [::1]:51778 Accepted
[Mon Oct  5 14:14:09 2026] [::1]:58366 [200]: GET /assets/record-search-suggestions.js
[Mon Oct  5 14:14:09 2026] [::1]:64571 Accepted
[Mon Oct  5 14:14:09 2026] [::1]:51778 [200]: GET /assets/attachment-validation.js
[Mon Oct  5 14:14:09 2026] [::1]:55395 Accepted
[Mon Oct  5 14:14:09 2026] [::1]:64571 [200]: GET /assets/system-windows.js?v=1791129283
[Mon Oct  5 14:14:09 2026] [::1]:52780 Closing
[Mon Oct  5 14:14:09 2026] [::1]:55395 [200]: GET /assets/legislation-background.png
[Mon Oct  5 14:14:09 2026] [::1]:58366 Closing
[Mon Oct  5 14:14:09 2026] [::1]:51778 Closing
[Mon Oct  5 14:14:09 2026] [::1]:64571 Closing
[Mon Oct  5 14:14:09 2026] [::1]:55395 Closing
